create database sig2019;
use sig2019;
-- phpMyAdmin SQL Dump
-- version 5.2.0
-- https://www.phpmyadmin.net/
--
-- Servidor: 127.0.0.1
-- Tiempo de generación: 19-08-2022 a las 18:26:56
-- Versión del servidor: 10.4.6-MariaDB
-- Versión de PHP: 8.1.6

SET SQL_MODE = "NO_AUTO_VALUE_ON_ZERO";
START TRANSACTION;
SET time_zone = "+00:00";


/*!40101 SET @OLD_CHARACTER_SET_CLIENT=@@CHARACTER_SET_CLIENT */;
/*!40101 SET @OLD_CHARACTER_SET_RESULTS=@@CHARACTER_SET_RESULTS */;
/*!40101 SET @OLD_COLLATION_CONNECTION=@@COLLATION_CONNECTION */;
/*!40101 SET NAMES utf8mb4 */;

--
-- Base de datos: `sig2019`
--

-- --------------------------------------------------------

--
-- Estructura de tabla para la tabla `admin`
--

CREATE TABLE `admin` (
  `id` int(11) NOT NULL,
  `correo` varchar(256) COLLATE utf8_spanish_ci NOT NULL,
  `password` varchar(256) COLLATE utf8_spanish_ci NOT NULL,
  `created_at` timestamp NOT NULL DEFAULT current_timestamp() ON UPDATE current_timestamp(),
  `updated_at` timestamp NOT NULL DEFAULT '0000-00-00 00:00:00'
) ENGINE=InnoDB DEFAULT CHARSET=utf8 COLLATE=utf8_spanish_ci;

--
-- Volcado de datos para la tabla `admin`
--

INSERT INTO `admin` (`id`, `correo`, `password`, `created_at`, `updated_at`) VALUES
(1, 'site@uptecamac.edu.mx', '$2y$10$MPVHzZ2ZPOWmtUUGCq3RXu31OTB.jo7M9LZ7PmPQYmgETSNn19ejO', '2020-10-05 17:13:15', '0000-00-00 00:00:00');

-- --------------------------------------------------------

--
-- Estructura de tabla para la tabla `archivo`
--

CREATE TABLE `archivo` (
  `id` int(11) NOT NULL,
  `nombre` varchar(256) COLLATE utf8_spanish_ci NOT NULL,
  `tipo` int(1) NOT NULL,
  `usuarioId` int(11) DEFAULT NULL,
  `categoriaId` int(11) NOT NULL,
  `src_archivo` varchar(150) COLLATE utf8_spanish_ci NOT NULL,
  `visible` int(11) NOT NULL,
  `slug` varchar(256) COLLATE utf8_spanish_ci NOT NULL,
  `carpeta` int(11) DEFAULT NULL,
  `n_subcategoria` varchar(256) COLLATE utf8_spanish_ci DEFAULT NULL,
  `created_at` timestamp NOT NULL DEFAULT current_timestamp() ON UPDATE current_timestamp(),
  `updated_at` timestamp NOT NULL DEFAULT '0000-00-00 00:00:00'
) ENGINE=InnoDB DEFAULT CHARSET=utf8 COLLATE=utf8_spanish_ci;

--
-- Volcado de datos para la tabla `archivo`
--

INSERT INTO `archivo` (`id`, `nombre`, `tipo`, `usuarioId`, `categoriaId`, `src_archivo`, `visible`, `slug`, `carpeta`, `n_subcategoria`, `created_at`, `updated_at`) VALUES
(424, 'MISÍON', 1, 39, 25, 'archivos/documentos-rectores-iso-9001-y-14001-carpeta-1/iso-90012015/', 4, 'mision.pdf', NULL, 'ISO 9001:2015', '2021-12-02 19:09:52', '2021-12-03 01:09:52'),
(425, 'VISIÓN', 1, 39, 25, 'archivos/documentos-rectores-iso-9001-y-14001-carpeta-1/iso-90012015/', 4, 'vision.pdf', NULL, 'ISO 9001:2015', '2021-12-02 19:09:52', '2021-12-03 01:09:52'),
(426, 'POL-SIG-01 POLÍTICA DE CALIDAD Y GESTIÓN AMBIENTAL', 1, 39, 25, 'archivos/documentos-rectores-iso-9001-y-14001-carpeta-1/iso-90012015/', 4, 'pol-sig-01-politica-de-calidad-y-gestion-ambiental.pdf', NULL, 'ISO 9001:2015', '2021-12-02 19:09:52', '2021-12-03 01:09:52'),
(427, 'DR-SIG-06 OBJETIVOS DE CALIDAD', 1, 39, 25, 'archivos/documentos-rectores-iso-9001-y-14001-carpeta-1/iso-90012015/', 4, 'dr-sig-06-objetivos-de-calidad.pdf', NULL, 'ISO 9001:2015', '2021-12-02 19:09:52', '2021-12-03 01:09:52'),
(428, 'DIIP-SIG-01 DIAGRAMA DE IDENTIFICACIÓN E INTERACCIÓN DE PROCESOS DEL SGC', 1, 39, 25, 'archivos/documentos-rectores-iso-9001-y-14001-carpeta-1/iso-90012015/', 4, 'diip-sig-01-diagrama-de-identificacion-e-interaccion-de-procesos-del-sgc.pdf', NULL, 'ISO 9001:2015', '2021-12-02 19:09:52', '2021-12-03 01:09:52'),
(430, 'DPE-SIG-01 DIAGRAMA DE PROCESO EDUCATIVO', 1, 39, 25, 'archivos/documentos-rectores-iso-9001-y-14001-carpeta-1/iso-90012015/', 4, 'dpe-sig-01-diagrama-de-proceso-educativo.pdf', NULL, 'ISO 9001:2015', '2021-12-02 19:09:52', '2021-12-03 01:09:52'),
(431, 'FO-TIR-01 TABLA DE IDENTIFICACIÓN DE RIESGOS', 1, 39, 25, 'archivos/documentos-rectores-iso-9001-y-14001-carpeta-1/iso-90012015/', 4, 'fo-tir-01-tabla-de-identificacion-de-riesgos.pdf', NULL, 'ISO 9001:2015', '2021-12-02 19:09:52', '2021-12-03 01:09:52'),
(432, 'AC-SIG-07 ACTIVIDADES DEL SIG', 1, 39, 25, 'archivos/documentos-rectores-iso-9001-y-14001-carpeta-1/iso-90012015/', 4, 'ac-sig-07-actividades-del-sig.pdf', NULL, 'ISO 9001:2015', '2021-12-02 19:09:52', '2021-12-03 01:09:52'),
(433, 'PR-PED-01 PROGRAMA DE ACTIVIDADES', 1, 39, 25, 'archivos/documentos-rectores-iso-9001-y-14001-carpeta-1/iso-90012015/', 4, 'pr-ped-01-programa-de-actividades.pdf', NULL, 'ISO 9001:2015', '2021-12-02 19:09:52', '2021-12-03 01:09:52'),
(434, 'DR-SIG-03 OBJETIVO AMBIENTAL', 1, 39, 25, 'archivos/documentos-rectores-iso-9001-y-14001-carpeta-1/iso-140012015/', 4, 'dr-sig-03-objetivo-ambiental.pdf', NULL, 'ISO 14001:2015', '2021-12-02 19:09:52', '2021-12-03 01:09:52'),
(435, 'DR-SIG-01 DIAGRAMA DE INTERACCIÓN DE ELEMENTOS DE SGA', 1, 39, 25, 'archivos/documentos-rectores-iso-9001-y-14001-carpeta-1/iso-140012015/', 4, 'dr-sig-01-diagrama-de-interaccion-de-elementos-de-sga.pdf', NULL, 'ISO 14001:2015', '2021-12-02 19:09:52', '2021-12-03 01:09:52'),
(436, 'DR-SIG-07 DIAGRAMA DE ADMINISTRACIÓN AMBIENTAL', 1, 39, 25, 'archivos/documentos-rectores-iso-9001-y-14001-carpeta-1/iso-140012015/', 4, 'dr-sig-07-diagrama-de-administracion-ambiental.pdf', NULL, 'ISO 14001:2015', '2021-12-02 19:09:52', '2021-12-03 01:09:52'),
(437, 'DR-SIG-08 DIAGRAMA DE MEDICIÓN, ANÁLISIS Y MEJORA', 1, 39, 25, 'archivos/documentos-rectores-iso-9001-y-14001-carpeta-1/iso-140012015/', 4, 'dr-sig-08-diagrama-de-medicion-analisis-y-mejora.pdf', NULL, 'ISO 14001:2015', '2021-12-02 19:09:52', '2021-12-03 01:09:52'),
(438, 'MA-SIG-04 MATRIZ DE IDENTIFICACIÓN DE PARTES INTERESADAS', 1, 39, 25, 'archivos/documentos-rectores-iso-9001-y-14001-carpeta-1/iso-140012015/', 4, 'ma-sig-04-matriz-de-identificacion-de-partes-interesadas.pdf', NULL, 'ISO 14001:2015', '2021-12-02 19:09:52', '2021-12-03 01:09:52'),
(439, 'BMC-UPT-01 BITACORA DE MANTENIMIENTO CORRECTIVO TRIMESTRAL', 1, 39, 25, 'archivos/documentos-rectores-iso-9001-y-14001-carpeta-1/iso-140012015/', 4, 'bmc-upt-01-bitacora-de-mantenimiento-correctivo-trimestral.pdf', NULL, 'ISO 14001:2015', '2021-12-02 19:09:52', '2021-12-03 01:09:52'),
(440, 'PMA-UPT-01 PROGRAMA DE MANTENIMIENTO ANUAL', 1, 39, 25, 'archivos/documentos-rectores-iso-9001-y-14001-carpeta-1/iso-140012015/', 4, 'pma-upt-01-programa-de-mantenimiento-anual.pdf', NULL, 'ISO 14001:2015', '2021-12-02 19:09:52', '2021-12-03 01:09:52'),
(443, 'MI-SIG-02 MANUAL DEL SISTEMA DEL SISTEMA DE GESTIÓN AMBIENTAL', 1, 39, 25, 'archivos/documentos-rectores-iso-9001-y-14001-carpeta-1/iso-140012015/', 4, 'mi-sig-02-manual-del-sistema-del-sistema-de-gestion-ambiental.pdf', NULL, 'ISO 14001:2015', '2021-12-03 01:25:20', '2021-12-03 01:25:20'),
(444, 'MP-MAM-02 ACCIONES CORRECTIVAS', 1, 39, 26, 'archivos/procedimientos-base-iso-9001-y-14001-carpeta-2/acciones-correctivas/', 4, 'mp-mam-02-acciones-correctivas.pdf', NULL, 'ACCIONES CORRECTIVAS', '2021-12-02 19:31:51', '2021-12-03 01:31:51'),
(445, 'FO-MAM-07 BITÁCORA DE HALLAZGOS', 1, 39, 26, 'archivos/procedimientos-base-iso-9001-y-14001-carpeta-2/obsoletos/', 4, 'fo-mam-07-bitacora-de-hallazgos.pdf', 2, NULL, '2021-12-06 22:44:24', '2021-12-07 04:44:24'),
(446, 'FO-MAM-09 ACCIÓN CORRECTIVA Y DE MEJORA', 1, 39, 26, 'archivos/procedimientos-base-iso-9001-y-14001-carpeta-2/obsoletos/', 4, 'fo-mam-09-accion-correctiva-y-de-mejora.pdf', 2, NULL, '2021-12-06 22:44:29', '2021-12-07 04:44:29'),
(447, 'MP-MAM-01 AUDITORÍAS INTERNAS', 1, 39, 26, 'archivos/procedimientos-base-iso-9001-y-14001-carpeta-2/auditorias-internas/', 4, 'mp-mam-01-auditorias-internas.pdf', NULL, 'AUDITORIAS INTERNAS', '2021-12-03 01:37:34', '2021-12-03 01:37:34'),
(448, 'FO-MAM-01 PROGRAMA DE AUDITORÍAS', 1, 39, 26, 'archivos/procedimientos-base-iso-9001-y-14001-carpeta-2/obsoletos/', 4, 'fo-mam-01-programa-de-auditorias.pdf', 2, NULL, '2021-12-06 22:45:09', '2021-12-07 04:45:09'),
(449, 'FO-MAM-02 PLAN DE AUDITORÍA', 1, 39, 26, 'archivos/procedimientos-base-iso-9001-y-14001-carpeta-2/obsoletos/', 4, 'fo-mam-02-plan-de-auditoria.pdf', 2, NULL, '2021-12-06 22:44:58', '2021-12-07 04:44:58'),
(450, 'MI-SIG-01 MANUAL DE CALIDAD', 1, 39, 25, 'archivos/documentos-rectores-iso-9001-y-14001-carpeta-1/iso-90012015/', 4, 'mi-sig-01-manual-de-calidad.pdf', NULL, 'ISO 9001:2015', '2021-12-03 02:46:59', '2021-12-03 02:46:59'),
(451, 'FO-MAM-03 LISTA DE VERIFICACIÓN', 1, 39, 26, 'archivos/procedimientos-base-iso-9001-y-14001-carpeta-2/obsoletos/', 4, 'fo-mam-03-lista-de-verificacion.pdf', 2, NULL, '2021-12-06 22:45:18', '2021-12-07 04:45:18'),
(452, 'FO-MAM-04 NOTIFICACIÓN DE AUDITORIA INTERNA', 2, 39, 26, 'archivos/procedimientos-base-iso-9001-y-14001-carpeta-2/auditorias-internas/', 4, 'fo-mam-04-notificacion-de-auditoria-interna.pdf', NULL, 'Auditorias Internas', '2021-12-02 22:44:33', '2021-12-03 04:44:33'),
(453, 'FO-MAM-04 NOTIFICACIÓN DE AUDITORIA INTERNA', 1, 39, 26, 'archivos/procedimientos-base-iso-9001-y-14001-carpeta-2/obsoletos/', 4, 'fo-mam-04-notificacion-de-auditoria-interna.pdf', 2, NULL, '2021-12-06 22:45:29', '2021-12-07 04:45:29'),
(454, 'FO-MAM-05 LISTA DE ASISTENCIA DE AUDITORIA', 2, 39, 26, 'archivos/procedimientos-base-iso-9001-y-14001-carpeta-2/auditorias-internas/', 4, 'fo-mam-05-lista-de-asistencia-de-auditoria.pdf', NULL, 'Auditorias Internas', '2021-12-02 22:49:57', '2021-12-03 04:49:57'),
(455, 'FO-MAM-05 LISTA DE ASISTENCIA DE AUDITORIA', 1, 39, 26, 'archivos/procedimientos-base-iso-9001-y-14001-carpeta-2/obsoletos/', 4, 'fo-mam-05-lista-de-asistencia-de-auditoria.pdf', 2, NULL, '2021-12-06 22:46:28', '2021-12-07 04:46:28'),
(456, 'FO-MAM-06 INFORME DE AUDITORÍA', 1, 39, 26, 'archivos/procedimientos-base-iso-9001-y-14001-carpeta-2/obsoletos/', 4, 'fo-mam-06-informe-de-auditoria.pdf', 2, NULL, '2021-12-06 22:45:42', '2021-12-07 04:45:42'),
(457, 'FO-MAM-08 EVALUACIÓN DEL AUDITOR', 1, 39, 26, 'archivos/procedimientos-base-iso-9001-y-14001-carpeta-2/obsoletos/', 4, 'fo-mam-08-evaluacion-del-auditor.pdf', 2, NULL, '2021-12-06 22:45:35', '2021-12-07 04:45:35'),
(458, 'MP-ASD-01 CONTROL DE DOCUMENTOS', 1, 39, 26, 'archivos/procedimientos-base-iso-9001-y-14001-carpeta-2/control-de-documentos/', 4, 'mp-asd-01-control-de-documentos.pdf', NULL, 'CONTROL DE DOCUMENTOS', '2021-12-03 05:12:57', '2021-12-03 05:12:57'),
(459, 'FO-ASD-01 LISTA MAESTRA DE CONTROL DE DOCUMENTOS', 2, 39, 26, 'archivos/procedimientos-base-iso-9001-y-14001-carpeta-2/control-de-documentos/', 4, 'fo-asd-01-lista-maestra-de-control-de-documentos.pdf', NULL, 'Control de Documentos', '2021-12-03 15:26:05', '2021-12-03 21:26:05'),
(460, 'FO-ASD-02 LISTA DE CONTROL DE DOCUMENTOS EXTERNOS', 1, 39, 26, 'archivos/procedimientos-base-iso-9001-y-14001-carpeta-2/obsoletos/', 4, 'fo-asd-02-lista-de-control-de-documentos-externos.pdf', 2, NULL, '2021-12-06 22:51:50', '2021-12-07 04:51:50'),
(461, 'FO-ASD-01 LISTA MAESTRA DE CONTROL DE DOCUMENTOS', 1, 39, 26, 'archivos/procedimientos-base-iso-9001-y-14001-carpeta-2/obsoletos/', 4, 'fo-asd-01-lista-maestra-de-control-de-documentos.pdf', 2, NULL, '2021-12-06 22:52:05', '2021-12-07 04:52:05'),
(462, 'MP-CIE-01 COMUNICACIÓN INTERNA Y EXTERNA', 1, 39, 26, 'archivos/procedimientos-base-iso-9001-y-14001-carpeta-2/comunicacion-interna-y-externa/', 4, 'mp-cie-01-comunicacion-interna-y-externa.pdf', NULL, 'COMUNICACIÓN INTERNA Y EXTERNA', '2021-12-03 21:39:13', '2021-12-03 21:39:13'),
(463, 'FO-CIE-01', 1, 39, 26, 'archivos/procedimientos-base-iso-9001-y-14001-carpeta-2/obsoletos/', 4, 'fo-cie-01.pdf', 2, NULL, '2021-12-06 22:51:02', '2021-12-07 04:51:02'),
(464, 'FO-CIE-02 ENCUESTA DE SATISFACCIÓN DEL SERVICIO DE COMUNICACIÓN', 1, 39, 26, 'archivos/procedimientos-base-iso-9001-y-14001-carpeta-2/obsoletos/', 4, 'fo-cie-02-encuesta-de-satisfaccion-del-servicio-de-comunicacion.pdf', 2, NULL, '2021-12-06 22:51:19', '2021-12-07 04:51:19'),
(465, 'MP-ASD-02 CONTROL DE REGISTROS', 1, 39, 26, 'archivos/procedimientos-base-iso-9001-y-14001-carpeta-2/control-de-registros/', 4, 'mp-asd-02-control-de-registros.pdf', NULL, 'CONTROL DE REGISTROS', '2021-12-03 21:59:15', '2021-12-03 21:59:15'),
(466, 'FO-ASD-03 LISTA MAESTRA DE REGISTROS', 1, 39, 26, 'archivos/procedimientos-base-iso-9001-y-14001-carpeta-2/obsoletos/', 4, 'fo-asd-03-lista-maestra-de-registros.pdf', 2, NULL, '2021-12-06 22:54:39', '2021-12-07 04:54:39'),
(467, 'MP-MAM-06  REVISIÓN POR LA DIRECCIÓN', 1, 39, 26, 'archivos/procedimientos-base-iso-9001-y-14001-carpeta-2/obsoletos/', 4, 'mp-mam-06-revision-por-la-direccion.pdf', 2, NULL, '2022-05-17 17:38:06', '2022-05-17 22:38:06'),
(468, 'FO-MAM-16 PROGRAMA DE REVISIÓN POR LA DIRECCIÓN', 2, 39, 26, 'archivos/procedimientos-base-iso-9001-y-14001-carpeta-2/obsoletos/', 4, 'fo-mam-16-programa-de-revision-por-la-direccion.pdf', 2, NULL, '2021-12-06 22:52:54', '2021-12-07 04:52:54'),
(487, 'FO-MAM-16 PROGRAMA DE REVISIÓN POR LA DIRECCIÓN', 1, 39, 26, 'archivos/procedimientos-base-iso-9001-y-14001-carpeta-2/revision-por-la-direccion/', 4, 'fo-mam-16-programa-de-revision-por-la-direccion.pdf', NULL, 'Revisión por la Dirección', '2021-12-03 18:27:30', '2021-12-04 00:27:30'),
(488, 'FO-MA-07 BITÁCORA DE HALLAZGOS', 1, 39, 26, 'archivos/procedimientos-base-iso-9001-y-14001-carpeta-2/acciones-correctivas/', 4, 'fo-ma-07-bitacora-de-hallazgos.pdf', NULL, 'ACCIONES CORRECTIVAS', '2021-12-04 00:30:36', '2021-12-04 00:30:36'),
(489, 'FO-MA-09 ACCIÓN CORRECTIVA Y DE MEJORA', 1, 39, 26, 'archivos/procedimientos-base-iso-9001-y-14001-carpeta-2/acciones-correctivas/', 4, 'fo-ma-09-accion-correctiva-y-de-mejora.pdf', NULL, 'ACCIONES CORRECTIVAS', '2021-12-04 00:33:52', '2021-12-04 00:33:52'),
(490, 'FO-MAM-01 PROGRAMA DE AUDITORÍAS', 1, 39, 26, 'archivos/procedimientos-base-iso-9001-y-14001-carpeta-2/auditorias-internas/', 4, 'fo-mam-01-programa-de-auditorias.pdf', NULL, 'AUDITORIAS INTERNAS', '2021-12-04 00:39:15', '2021-12-04 00:39:15'),
(491, 'FO-MAM-02 PLAN DE AUDITORÍA', 1, 39, 26, 'archivos/procedimientos-base-iso-9001-y-14001-carpeta-2/auditorias-internas/', 4, 'fo-mam-02-plan-de-auditoria.pdf', NULL, 'AUDITORIAS INTERNAS', '2021-12-04 00:40:05', '2021-12-04 00:40:05'),
(492, 'FO-MAM-03 LISTA DE VERIFICACIÓN', 1, 39, 26, 'archivos/procedimientos-base-iso-9001-y-14001-carpeta-2/auditorias-internas/', 4, 'fo-mam-03-lista-de-verificacion.pdf', NULL, 'AUDITORIAS INTERNAS', '2021-12-04 00:41:21', '2021-12-04 00:41:21'),
(493, 'FO-MAM-04 NOTIFICACIÓN DE AUDITORIA INTERNA', 1, 39, 26, 'archivos/procedimientos-base-iso-9001-y-14001-carpeta-2/auditorias-internas/', 4, 'fo-mam-04-notificacion-de-auditoria-interna.pdf', NULL, 'AUDITORIAS INTERNAS', '2021-12-04 00:42:02', '2021-12-04 00:42:02'),
(494, 'FO-MAM-05 LISTA DE ASISTENCIA DE AUDITORIA', 1, 39, 26, 'archivos/procedimientos-base-iso-9001-y-14001-carpeta-2/auditorias-internas/', 4, 'fo-mam-05-lista-de-asistencia-de-auditoria.pdf', NULL, 'AUDITORIAS INTERNAS', '2021-12-04 00:42:36', '2021-12-04 00:42:36'),
(495, 'FO-MAM-06 INFORME DE AUDITORÍA', 1, 39, 26, 'archivos/procedimientos-base-iso-9001-y-14001-carpeta-2/auditorias-internas/', 4, 'fo-mam-06-informe-de-auditoria.pdf', NULL, 'AUDITORIAS INTERNAS', '2021-12-04 00:43:09', '2021-12-04 00:43:09'),
(496, 'FO-MAM-08 EVALUACIÓN DEL AUDITOR', 1, 39, 26, 'archivos/procedimientos-base-iso-9001-y-14001-carpeta-2/auditorias-internas/', 4, 'fo-mam-08-evaluacion-del-auditor.pdf', NULL, 'AUDITORIAS INTERNAS', '2021-12-04 00:43:48', '2021-12-04 00:43:48'),
(499, 'FO-CIE-01 SOLICITUD DE COMUNICACIÓN', 1, 39, 26, 'archivos/procedimientos-base-iso-9001-y-14001-carpeta-2/comunicacion-interna-y-externa/', 4, 'fo-cie-01-solicitud-de-comunicacion.pdf', NULL, 'COMUNICACIÓN INTERNA Y EXTERNA', '2021-12-04 01:07:52', '2021-12-04 01:07:52'),
(500, 'FO-CIE-02 ENCUESTA DE SATISFACCIÓN DEL SERVICIO DE COMUNICACIÓN', 1, 39, 26, 'archivos/procedimientos-base-iso-9001-y-14001-carpeta-2/comunicacion-interna-y-externa/', 4, 'fo-cie-02-encuesta-de-satisfaccion-del-servicio-de-comunicacion.pdf', NULL, 'COMUNICACIÓN INTERNA Y EXTERNA', '2021-12-04 01:08:24', '2021-12-04 01:08:24'),
(501, 'FO-ASD-03 LISTA MAESTRA DE REGISTROS', 1, 39, 26, 'archivos/procedimientos-base-iso-9001-y-14001-carpeta-2/control-de-registros/', 4, 'fo-asd-03-lista-maestra-de-registros.pdf', NULL, 'CONTROL DE REGISTROS', '2021-12-04 01:09:44', '2021-12-04 01:09:44'),
(502, 'FO-MAM-16 PROGRAMA DE REVISIÓN POR LA DIRECCIÓN', 1, 39, 26, 'archivos/procedimientos-base-iso-9001-y-14001-carpeta-2/revision-por-la-direccion/', 4, 'fo-mam-16-programa-de-revision-por-la-direccion.pdf', NULL, 'REVISIÓN POR LA DIRECCIÓN', '2021-12-04 01:14:17', '2021-12-04 01:14:17'),
(510, 'DPINS-SIG-01', 1, 39, 30, 'archivos/procedimientos-iso-90012015-carpeta-3/proceso-de-inscripcion/', 4, 'dpins-sig-01.pdf', NULL, 'PROCESO DE INSCRIPCIÓN', '2021-12-04 02:24:38', '2021-12-04 02:24:38'),
(511, 'MP-INS-01 INSCRIPCIÓN', 1, 39, 30, 'archivos/procedimientos-iso-90012015-carpeta-3/proceso-de-inscripcion/', 4, 'mp-ins-01-inscripcion.pdf', NULL, 'PROCESO DE INSCRIPCIÓN', '2021-12-04 02:37:08', '2021-12-04 02:37:08'),
(512, 'FO-INS-01 ESTUDIO SOCIOECONÓMICO', 1, 39, 30, 'archivos/procedimientos-iso-90012015-carpeta-3/proceso-de-inscripcion/', 4, 'fo-ins-01-estudio-socioeconomico.pdf', NULL, 'PROCESO DE INSCRIPCIÓN', '2021-12-04 02:38:23', '2021-12-04 02:38:23'),
(513, 'FO-INS-02 FICHA DE INSCRIPCIÓN / FORMATO DE REGISTRO DEL ASPIRANTE', 1, 39, 30, 'archivos/procedimientos-iso-90012015-carpeta-3/proceso-de-inscripcion/', 4, 'fo-ins-02-ficha-de-inscripcion-formato-de-registro-del-aspirante.pdf', NULL, 'PROCESO DE INSCRIPCIÓN', '2021-12-04 02:39:46', '2021-12-04 02:39:46'),
(514, 'FO-INS-04 ENCUESTA DE SATISFACCIÓN DEL CLIENTE', 1, 39, 30, 'archivos/procedimientos-iso-90012015-carpeta-3/proceso-de-inscripcion/', 4, 'fo-ins-04-encuesta-de-satisfaccion-del-cliente.pdf', NULL, 'PROCESO DE INSCRIPCIÓN', '2021-12-04 02:41:23', '2021-12-04 02:41:23'),
(515, 'FO-TIR-01 INSCRIPCIÓN', 1, 39, 30, 'archivos/procedimientos-iso-90012015-carpeta-3/proceso-de-inscripcion/', 4, 'fo-tir-01-inscripcion.pdf', NULL, 'PROCESO DE INSCRIPCIÓN', '2021-12-04 02:42:18', '2021-12-04 02:42:18'),
(516, 'DPREI-SIG-01 PROCESO DE REINSCRIPCIÓN', 1, 39, 30, 'archivos/procedimientos-iso-90012015-carpeta-3/proceso-de-reinscripcion/', 4, 'dprei-sig-01-proceso-de-reinscripcion.pdf', NULL, 'PROCESO DE REINSCRIPCIÓN', '2021-12-04 02:44:16', '2021-12-04 02:44:16'),
(517, 'MP-REI-01 REINSCRIPCIÓN', 1, 39, 30, 'archivos/procedimientos-iso-90012015-carpeta-3/proceso-de-reinscripcion/', 4, 'mp-rei-01-reinscripcion.pdf', NULL, 'PROCESO DE REINSCRIPCIÓN', '2021-12-04 02:49:07', '2021-12-04 02:49:07'),
(518, 'FO-REI-01 FICHA DE REINSCRIPCIÓN', 1, 39, 30, 'archivos/procedimientos-iso-90012015-carpeta-3/proceso-de-reinscripcion/', 4, 'fo-rei-01-ficha-de-reinscripcion.pdf', NULL, 'PROCESO DE REINSCRIPCIÓN', '2021-12-04 02:50:15', '2021-12-04 02:50:15'),
(519, 'FO-INS-04 ENCUESTA DE SATISFACCIÓN DEL CLIENTE', 1, 39, 30, 'archivos/procedimientos-iso-90012015-carpeta-3/proceso-de-reinscripcion/', 4, 'fo-ins-04-encuesta-de-satisfaccion-del-cliente.pdf', NULL, 'PROCESO DE REINSCRIPCIÓN', '2021-12-04 02:51:07', '2021-12-04 02:51:07'),
(520, 'FO-TIR-01 REINSCRIPCIÓN', 1, 39, 30, 'archivos/procedimientos-iso-90012015-carpeta-3/proceso-de-reinscripcion/', 4, 'fo-tir-01-reinscripcion.pdf', NULL, 'PROCESO DE REINSCRIPCIÓN', '2021-12-04 02:52:24', '2021-12-04 02:52:24'),
(521, 'MP-PED-06 TITULACIÓN', 1, 39, 30, 'archivos/procedimientos-iso-90012015-carpeta-3/titulacion/', 4, 'mp-ped-06-titulacion.pdf', NULL, 'TITULACIÓN', '2021-12-04 02:57:05', '2021-12-04 02:57:05'),
(522, 'FO-TIT-01 FORMATO PARA NO ADEUDO PARA TITULACIÓN', 1, 39, 30, 'archivos/procedimientos-iso-90012015-carpeta-3/titulacion/', 4, 'fo-tit-01-formato-para-no-adeudo-para-titulacion.pdf', NULL, 'TITULACIÓN', '2021-12-04 02:58:51', '2021-12-04 02:58:51'),
(523, 'FO-TIR-01 TITULACIÓN', 1, 39, 30, 'archivos/procedimientos-iso-90012015-carpeta-3/titulacion/', 4, 'fo-tir-01-titulacion.pdf', NULL, 'TITULACIÓN', '2021-12-04 02:59:41', '2021-12-04 02:59:41'),
(524, 'MP-PED-01 TUTORIAS', 1, 39, 30, 'archivos/procedimientos-iso-90012015-carpeta-3/tutorias/', 4, 'mp-ped-01-tutorias.pdf', NULL, 'TUTORÍAS', '2021-12-04 03:06:12', '2021-12-04 03:06:12'),
(525, 'FO-TUT-01', 1, 39, 30, 'archivos/procedimientos-iso-90012015-carpeta-3/tutorias/', 4, 'fo-tut-01.pdf', NULL, 'TUTORÍAS', '2021-12-04 03:06:59', '2021-12-04 03:06:59'),
(526, 'FO-TUT-02 REGISTRO DE TUTORÍA GRUPAL', 1, 39, 30, 'archivos/procedimientos-iso-90012015-carpeta-3/tutorias/', 4, 'fo-tut-02-registro-de-tutoria-grupal.pdf', NULL, 'TUTORÍAS', '2021-12-04 03:08:14', '2021-12-04 03:08:14'),
(527, 'FO-TUT-03 BITÁCORA DE CIERRE DE CUATRIMESTRE DE TUTORÍAS', 1, 39, 30, 'archivos/procedimientos-iso-90012015-carpeta-3/tutorias/', 4, 'fo-tut-03-bitacora-de-cierre-de-cuatrimestre-de-tutorias.pdf', NULL, 'TUTORÍAS', '2021-12-04 03:10:07', '2021-12-04 03:10:07'),
(528, 'FO-TIR-01 TUTORIAS', 1, 39, 30, 'archivos/procedimientos-iso-90012015-carpeta-3/tutorias/', 4, 'fo-tir-01-tutorias.pdf', NULL, 'TUTORÍAS', '2021-12-04 03:11:36', '2021-12-04 03:11:36'),
(529, 'DR-PED-01 CRITERIOS DE SELECCIÓN, ASIGNACIÓN Y VALIDACIÓN DEL PERFIL DE TUTOR', 1, 39, 30, 'archivos/procedimientos-iso-90012015-carpeta-3/criterios-de-seleccion-asignacion-y-validacion-del-perfil-de-tutor/', 4, 'dr-ped-01-criterios-de-seleccion-asignacion-y-validacion-del-perfil-de-tutor.pdf', NULL, 'CRITERIOS DE SELECCIÓN, ASIGNACIÓN Y VALIDACIÓN DEL PERFIL DE TUTOR', '2021-12-04 03:13:48', '2021-12-04 03:13:48'),
(530, 'FO-VPT-01 VALIDACIÓN DEL PERFIL DEL TUTOR', 1, 39, 30, 'archivos/procedimientos-iso-90012015-carpeta-3/criterios-de-seleccion-asignacion-y-validacion-del-perfil-de-tutor/', 4, 'fo-vpt-01-validacion-del-perfil-del-tutor.pdf', NULL, 'CRITERIOS DE SELECCIÓN, ASIGNACIÓN Y VALIDACIÓN DEL PERFIL DE TUTOR', '2021-12-04 03:14:44', '2021-12-04 03:14:44'),
(531, 'MP-PED-02 ASESORÍAS', 1, 39, 30, 'archivos/procedimientos-iso-90012015-carpeta-3/asesorias/', 4, 'mp-ped-02-asesorias.pdf', NULL, 'ASESORÍAS', '2021-12-04 03:17:50', '2021-12-04 03:17:50'),
(532, 'FO-ASE-01 REGISTRO DE ASESORÍA', 1, 39, 30, 'archivos/procedimientos-iso-90012015-carpeta-3/asesorias/', 4, 'fo-ase-01-registro-de-asesoria.pdf', NULL, 'ASESORÍAS', '2021-12-04 03:18:42', '2021-12-04 03:18:42'),
(533, 'FO-ASE-02 ESCUESTA DE SATISFACCIÓN DE ASESORÍA', 1, 39, 30, 'archivos/procedimientos-iso-90012015-carpeta-3/asesorias/', 4, 'fo-ase-02-escuesta-de-satisfaccion-de-asesoria.pdf', NULL, 'ASESORÍAS', '2021-12-04 03:19:35', '2021-12-04 03:19:35'),
(534, 'FO-TIR-01 ASESORÍAS', 1, 39, 30, 'archivos/procedimientos-iso-90012015-carpeta-3/asesorias/', 4, 'fo-tir-01-asesorias.pdf', NULL, 'ASESORÍAS', '2021-12-04 03:20:19', '2021-12-04 03:20:19'),
(535, 'MP-PED-07 SEGUIMIENTO A EGRESADOS', 1, 39, 30, 'archivos/procedimientos-iso-90012015-carpeta-3/seguimiento-a-egresados/', 4, 'mp-ped-07-seguimiento-a-egresados.pdf', NULL, 'SEGUIMIENTO A EGRESADOS', '2021-12-04 03:23:14', '2021-12-04 03:23:14'),
(536, 'SO-SEG-01 ENCUESTA DE SALIDA', 1, 39, 30, 'archivos/procedimientos-iso-90012015-carpeta-3/seguimiento-a-egresados/', 4, 'so-seg-01-encuesta-de-salida.pdf', NULL, 'SEGUIMIENTO A EGRESADOS', '2021-12-04 03:27:09', '2021-12-04 03:27:09'),
(537, 'FO-SEG-02 CUESTIONARIO DE SEGUIMIENTO', 1, 39, 30, 'archivos/procedimientos-iso-90012015-carpeta-3/seguimiento-a-egresados/', 4, 'fo-seg-02-cuestionario-de-seguimiento.pdf', NULL, 'SEGUIMIENTO A EGRESADOS', '2021-12-04 03:27:49', '2021-12-04 03:27:49'),
(538, 'MP-PED-03 VISITAS GUIADAS', 1, 39, 31, 'archivos/procedimientos-iso-90012015-carpeta-4/visitas-guiadas/', 4, 'mp-ped-03-visitas-guiadas.pdf', NULL, 'VISITAS GUIADAS', '2021-12-06 21:21:49', '2021-12-06 21:21:49'),
(539, 'FO-VIG-01 PROPUESTA Y SEGUIMIENTO DE VISITA GUIADA', 1, 39, 31, 'archivos/procedimientos-iso-90012015-carpeta-4/visitas-guiadas/', 4, 'fo-vig-01-propuesta-y-seguimiento-de-visita-guiada.pdf', NULL, 'VISITAS GUIADAS', '2021-12-06 21:22:57', '2021-12-06 21:22:57'),
(540, 'FO-VIG-02 CARTA RESPONSIVA DE VISITA GUIADA', 1, 39, 31, 'archivos/procedimientos-iso-90012015-carpeta-4/visitas-guiadas/', 4, 'fo-vig-02-carta-responsiva-de-visita-guiada.pdf', NULL, 'VISITAS GUIADAS', '2021-12-06 21:24:15', '2021-12-06 21:24:15'),
(541, 'FO-VIG-03 LISTA DE ASISTENCIA Y SATISFACCIÓN DE VISITA GUIADA', 1, 39, 31, 'archivos/procedimientos-iso-90012015-carpeta-4/visitas-guiadas/', 4, 'fo-vig-03-lista-de-asistencia-y-satisfaccion-de-visita-guiada.pdf', NULL, 'VISITAS GUIADAS', '2021-12-06 21:25:04', '2021-12-06 21:25:04'),
(542, 'FO-VIG-04 CONTROL DE RECEPCIÓN DE DOCUMENTOS DE VISITAS GUIADAS', 1, 39, 31, 'archivos/procedimientos-iso-90012015-carpeta-4/visitas-guiadas/', 4, 'fo-vig-04-control-de-recepcion-de-documentos-de-visitas-guiadas.pdf', NULL, 'VISITAS GUIADAS', '2021-12-06 21:27:38', '2021-12-06 21:27:38'),
(543, 'FO-TIR-01 VISITAS GUIADAS', 1, 39, 31, 'archivos/procedimientos-iso-90012015-carpeta-4/visitas-guiadas/', 4, 'fo-tir-01-visitas-guiadas.pdf', NULL, 'VISITAS GUIADAS', '2021-12-06 21:28:21', '2021-12-06 21:28:21'),
(544, 'MP-PED-04 ESTANCIAS Y ESTADÍA', 1, 39, 31, 'archivos/procedimientos-iso-90012015-carpeta-4/estancias-y-estadia/', 4, 'mp-ped-04-estancias-y-estadia.pdf', NULL, 'ESTANCIAS Y ESTADÍA', '2021-12-06 21:33:46', '2021-12-06 21:33:46'),
(545, 'FO-EST-01 CARTA DE PRESENTACIÓN', 1, 39, 31, 'archivos/procedimientos-iso-90012015-carpeta-4/estancias-y-estadia/', 4, 'fo-est-01-carta-de-presentacion.pdf', NULL, 'ESTANCIAS Y ESTADÍA', '2021-12-06 21:34:44', '2021-12-06 21:34:44'),
(546, 'FO-EST-02 EVALUACIÓN POR LA EMPRESA POR ALUMNO', 1, 39, 31, 'archivos/procedimientos-iso-90012015-carpeta-4/estancias-y-estadia/', 4, 'fo-est-02-evaluacion-por-la-empresa-por-alumno.pdf', NULL, 'ESTANCIAS Y ESTADÍA', '2021-12-06 21:35:36', '2021-12-06 21:35:36'),
(547, 'FO-EST-03 LISTA DE COTEJO DEL PROYECTO', 1, 39, 31, 'archivos/procedimientos-iso-90012015-carpeta-4/estancias-y-estadia/', 4, 'fo-est-03-lista-de-cotejo-del-proyecto.pdf', NULL, 'ESTANCIAS Y ESTADÍA', '2021-12-06 21:36:28', '2021-12-06 21:36:28'),
(548, 'FO-EST-04 LISTA DE COTEJO ACTITUD SER', 1, 39, 31, 'archivos/procedimientos-iso-90012015-carpeta-4/estancias-y-estadia/', 4, 'fo-est-04-lista-de-cotejo-actitud-ser.pdf', NULL, 'ESTANCIAS Y ESTADÍA', '2021-12-06 21:37:59', '2021-12-06 21:37:59'),
(549, 'FO-EST-05 CALIFICACIÓN', 1, 39, 31, 'archivos/procedimientos-iso-90012015-carpeta-4/estancias-y-estadia/', 4, 'fo-est-05-calificacion.pdf', NULL, 'ESTANCIAS Y ESTADÍA', '2021-12-06 21:39:38', '2021-12-06 21:39:38'),
(550, 'FO-EST-06 AUTORIZACIÓN DE IMPRESIÓN DE PROYECTO Y/O EDICIÓN ELECTRÓNICA', 1, 39, 31, 'archivos/procedimientos-iso-90012015-carpeta-4/estancias-y-estadia/', 4, 'fo-est-06-autorizacion-de-impresion-de-proyecto-yo-edicion-electronica.pdf', NULL, 'ESTANCIAS Y ESTADÍA', '2021-12-06 21:41:46', '2021-12-06 21:41:46'),
(551, 'FO-EST-07 CUESTIONARIO DE SALIDA ESTANCIA Y ESTADÍA', 1, 39, 31, 'archivos/procedimientos-iso-90012015-carpeta-4/estancias-y-estadia/', 4, 'fo-est-07-cuestionario-de-salida-estancia-y-estadia.pdf', NULL, 'ESTANCIAS Y ESTADÍA', '2021-12-06 21:43:20', '2021-12-06 21:43:20'),
(552, 'FO-EST-08 ESCUESTA DE SATISFACCIÓN DEL SERVICIO DE ESTANCIAS /ESTADÍA POR ALUMNO', 1, 39, 31, 'archivos/procedimientos-iso-90012015-carpeta-4/estancias-y-estadia/', 4, 'fo-est-08-escuesta-de-satisfaccion-del-servicio-de-estancias-estadia-por-alumno.pdf', NULL, 'ESTANCIAS Y ESTADÍA', '2021-12-06 21:44:47', '2021-12-06 21:44:47'),
(553, 'FO-TIR-01 ESTANCIAS Y ESTADÍA', 1, 39, 31, 'archivos/procedimientos-iso-90012015-carpeta-4/estancias-y-estadia/', 4, 'fo-tir-01-estancias-y-estadia.pdf', NULL, 'ESTANCIAS Y ESTADÍA', '2021-12-06 21:49:10', '2021-12-06 21:49:10'),
(554, 'MP-ABS-01 ADQUISICIÓN DE BIENES Y SERVICIOS', 1, 39, 31, 'archivos/procedimientos-iso-90012015-carpeta-4/adquisicion-de-bienes-y-servicio/', 4, 'mp-abs-01-adquisicion-de-bienes-y-servicios.pdf', NULL, 'ADQUISICIÓN DE BIENES Y SERVICIO', '2021-12-06 21:58:06', '2021-12-06 21:58:06'),
(555, 'FO-ABS-01 REQUISICIÓN DE COMPRA  DE MATERIALES Y/O CONTRATACIÓN DE SERVICIO', 1, 39, 31, 'archivos/procedimientos-iso-90012015-carpeta-4/adquisicion-de-bienes-y-servicio/', 4, 'fo-abs-01-requisicion-de-compra-de-materiales-yo-contratacion-de-servicio.pdf', NULL, 'ADQUISICIÓN DE BIENES Y SERVICIO', '2021-12-06 21:59:34', '2021-12-06 21:59:34'),
(556, 'FO-ABS-02 FORMATO PARA EVALUACIÓN DE PROVEEDORES', 1, 39, 31, 'archivos/procedimientos-iso-90012015-carpeta-4/adquisicion-de-bienes-y-servicio/', 4, 'fo-abs-02-formato-para-evaluacion-de-proveedores.pdf', NULL, 'ADQUISICIÓN DE BIENES Y SERVICIO', '2021-12-06 22:00:40', '2021-12-06 22:00:40'),
(557, 'FO-TIR-01 BIENES Y SERVICIOS', 1, 39, 31, 'archivos/procedimientos-iso-90012015-carpeta-4/adquisicion-de-bienes-y-servicio/', 4, 'fo-tir-01-bienes-y-servicios.pdf', NULL, 'ADQUISICIÓN DE BIENES Y SERVICIO', '2021-12-06 22:02:29', '2021-12-06 22:02:29'),
(559, 'MP-MAM-07 SALIDAS NO CONFORMES', 1, 39, 31, 'archivos/procedimientos-iso-90012015-carpeta-4/salidas-no-conformes/', 4, 'mp-mam-07-salidas-no-conformes.pdf', NULL, 'SALIDAS NO CONFORMES', '2021-12-06 22:06:34', '2021-12-06 22:06:34'),
(560, 'FO-MAM-17 BITÁCORA DE SALIDAS NO CONFORMES', 1, 39, 31, 'archivos/procedimientos-iso-90012015-carpeta-4/salidas-no-conformes/', 4, 'fo-mam-17-bitacora-de-salidas-no-conformes.pdf', NULL, 'SALIDAS NO CONFORMES', '2021-12-06 22:07:35', '2021-12-06 22:07:35'),
(561, 'FO-MAM-18 AVISO DE SALIDA NO CONFORME', 1, 39, 31, 'archivos/procedimientos-iso-90012015-carpeta-4/salidas-no-conformes/', 4, 'fo-mam-18-aviso-de-salida-no-conforme.pdf', NULL, 'SALIDAS NO CONFORMES', '2021-12-06 22:08:33', '2021-12-06 22:08:33'),
(562, 'AC-SIG-07 EVALUACIÓN DOCENTE', 1, 39, 31, 'archivos/procedimientos-iso-90012015-carpeta-4/actividades/', 4, 'ac-sig-07-evaluacion-docente.pdf', NULL, 'ACTIVIDADES', '2021-12-06 22:15:44', '2021-12-06 22:15:44'),
(563, 'AC-SIG-07 EXTRACURRICULARES Y EXTENSIÓN UNIVERSITARIA', 1, 39, 31, 'archivos/procedimientos-iso-90012015-carpeta-4/actividades/', 4, 'ac-sig-07-extracurriculares-y-extension-universitaria.pdf', NULL, 'ACTIVIDADES', '2021-12-06 22:17:35', '2021-12-06 22:17:35'),
(564, 'AC-SIG-07 REGISTRO DE CALIFICACIONES', 1, 39, 31, 'archivos/procedimientos-iso-90012015-carpeta-4/obsoletos/', 4, 'ac-sig-07-registro-de-calificaciones.pdf', 2, NULL, '2022-05-18 21:18:59', '2022-05-19 02:18:59'),
(565, 'AC-SIG-07 ACADEMICAS/INVESTIGACIÓN', 1, 39, 31, 'archivos/procedimientos-iso-90012015-carpeta-4/actividades/', 4, 'ac-sig-07-academicasinvestigacion.pdf', NULL, 'ACTIVIDADES', '2021-12-06 22:19:33', '2021-12-06 22:19:33'),
(566, 'AC-SIG-07 CAPACITACIÓN DOCENTE', 1, 39, 31, 'archivos/procedimientos-iso-90012015-carpeta-4/actividades/', 4, 'ac-sig-07-capacitacion-docente.pdf', NULL, 'ACTIVIDADES', '2021-12-06 22:20:51', '2021-12-06 22:20:51'),
(567, 'AC-SIG-07 CONTRATACIÓN DE PERSONAL', 1, 39, 31, 'archivos/procedimientos-iso-90012015-carpeta-4/actividades/', 4, 'ac-sig-07-contratacion-de-personal.pdf', NULL, 'ACTIVIDADES', '2021-12-06 22:21:35', '2021-12-06 22:21:35'),
(568, 'AC-SIG-07 BIBLIOTECA', 1, 39, 31, 'archivos/procedimientos-iso-90012015-carpeta-4/actividades/', 4, 'ac-sig-07-biblioteca.pdf', NULL, 'ACTIVIDADES', '2021-12-06 22:22:23', '2021-12-06 22:22:23'),
(569, 'DR-SIG-02 TABLERO DE CONTROL AMBIENTAL CORTE AGOSTO', 1, 39, 32, 'archivos/programas-iso-140012015-carpeta-5/programas-iso-140012015/', 4, 'dr-sig-02-tablero-de-control-ambiental-corte-agosto.pdf', NULL, 'PROGRAMAS ISO 14001:2015', '2021-12-07 00:42:16', '2021-12-07 00:42:16'),
(570, 'DR-SIG-05 MANEJO Y DISPOSICIÓN RME (PILAS Y BATERIAS)', 1, 39, 32, 'archivos/programas-iso-140012015-carpeta-5/programas-iso-140012015/', 4, 'dr-sig-05-manejo-y-disposicion-rme-pilas-y-baterias.pdf', NULL, 'PROGRAMAS ISO 14001:2015', '2021-12-07 00:43:42', '2021-12-07 00:43:42'),
(571, 'PG-SIG-01 PROGRAMA PARA LOGRAR UN MANEJO ADECUADO DE LOS RSU Y DISMINUIR SU GENERACIÓN', 1, 39, 32, 'archivos/programas-iso-140012015-carpeta-5/programas-iso-140012015/', 4, 'pg-sig-01-programa-para-lograr-un-manejo-adecuado-de-los-rsu-y-disminuir-su-generacion.pdf', NULL, 'PROGRAMAS ISO 14001:2015', '2021-12-07 00:45:05', '2021-12-07 00:45:05'),
(572, 'PG-SIG-02 PROGRAMA PARA DISMINUIR EL CONSUMO DE AGUA LOGRANDO EL USO RACIONAL DEL RECURSO', 1, 39, 32, 'archivos/programas-iso-140012015-carpeta-5/programas-iso-140012015/', 4, 'pg-sig-02-programa-para-disminuir-el-consumo-de-agua-logrando-el-uso-racional-del-recurso.pdf', NULL, 'PROGRAMAS ISO 14001:2015', '2021-12-07 00:51:30', '2021-12-07 00:51:30'),
(573, 'PG-SIG-03 PROGRAMA PARA LOGRAR EL MANEJO ADECUADO DE LOS RME DERIVADO DEL USO DE PILAS Y BATERIAS', 1, 39, 32, 'archivos/programas-iso-140012015-carpeta-5/programas-iso-140012015/', 4, 'pg-sig-03-programa-para-lograr-el-manejo-adecuado-de-los-rme-derivado-del-uso-de-pilas-y-baterias.pdf', NULL, 'PROGRAMAS ISO 14001:2015', '2021-12-07 00:55:59', '2021-12-07 00:55:59'),
(574, 'PG-SIG-04 PROGRAMA PARA LOGRAR UN MANEJO ADECUADO DE LOS RP Y DISMINUIR SU GENERACIÓN', 1, 39, 32, 'archivos/programas-iso-140012015-carpeta-5/programas-iso-140012015/', 4, 'pg-sig-04-programa-para-lograr-un-manejo-adecuado-de-los-rp-y-disminuir-su-generacion.pdf', NULL, 'PROGRAMAS ISO 14001:2015', '2021-12-07 00:58:49', '2021-12-07 00:58:49'),
(575, 'PG-SIG-05 PROGRAMA PARA DISMINUIR EL CONSUMO DEL PAPEL BOND, LOGRANDO EL USO RACIONAL DEL RECURSO', 1, 39, 32, 'archivos/programas-iso-140012015-carpeta-5/programas-iso-140012015/', 4, 'pg-sig-05-programa-para-disminuir-el-consumo-del-papel-bond-logrando-el-uso-racional-del-recurso.pdf', NULL, 'PROGRAMAS ISO 14001:2015', '2021-12-07 01:03:02', '2021-12-07 01:03:02'),
(576, 'PG-ADA-01 PROGRAMA DE SIMULACROS', 1, 39, 32, 'archivos/programas-iso-140012015-carpeta-5/programas-iso-140012015/', 4, 'pg-ada-01-programa-de-simulacros.pdf', NULL, 'PROGRAMAS ISO 14001:2015', '2021-12-07 01:05:20', '2021-12-07 01:05:20'),
(577, 'PG-SIG-06 PROGRAMA PARA DISMINUIR EL CONSUMO DE ENERGÍA ELÉCTRICA', 1, 39, 32, 'archivos/programas-iso-140012015-carpeta-5/programas-iso-140012015/', 4, 'pg-sig-06-programa-para-disminuir-el-consumo-de-energia-electrica.pdf', NULL, 'PROGRAMAS ISO 14001:2015', '2021-12-07 01:06:52', '2021-12-07 01:06:52'),
(578, 'IDENTIFICACIÓN Y EVALUACIÓN  DE REQUISITOS LEGALES Y SUSCRITOS', 1, 39, 33, 'archivos/procedimientos-iso-140012015-carpeta-6/procedimientos-iso-140012015/', 4, 'identificacion-y-evaluacion-de-requisitos-legales-y-suscritos.pdf', NULL, 'PROCEDIMIENTOS ISO 14001:2015', '2021-12-07 01:31:49', '2021-12-07 01:31:49'),
(579, 'FO-ADA-03 IDENTIFICACIÓN Y EVALUACIÓN DE REQUISITOS LEGALES Y SUSCRITOS', 1, 39, 33, 'archivos/procedimientos-iso-140012015-carpeta-6/procedimientos-iso-140012015/', 4, 'fo-ada-03-identificacion-y-evaluacion-de-requisitos-legales-y-suscritos.pdf', NULL, 'PROCEDIMIENTOS ISO 14001:2015', '2021-12-07 01:33:10', '2021-12-07 01:33:10'),
(580, 'FO-ASD-04 PROGRAMA PARA EL CUMPLIMIENTO DE REQUSITOS', 1, 39, 33, 'archivos/procedimientos-iso-140012015-carpeta-6/procedimientos-iso-140012015/', 4, 'fo-asd-04-programa-para-el-cumplimiento-de-requsitos.pdf', NULL, 'PROCEDIMIENTOS ISO 14001:2015', '2021-12-07 01:34:10', '2021-12-07 01:34:10'),
(581, 'MP-ADA-01 IDENTIFICACIÓN DE ASPECTOS AMBIENTALES E IMPACTOS', 1, 39, 33, 'archivos/procedimientos-iso-140012015-carpeta-6/identificacion-de-aspectos-ambientales-e-impactos/', 4, 'mp-ada-01-identificacion-de-aspectos-ambientales-e-impactos.pdf', NULL, 'IDENTIFICACIÓN DE ASPECTOS AMBIENTALES E IMPACTOS', '2021-12-07 01:40:34', '2021-12-07 01:40:34'),
(582, 'FO-ADA-01 IDENTIFICACIÓN  DE ASPECTOS AMBIENTALES', 1, 39, 33, 'archivos/procedimientos-iso-140012015-carpeta-6/identificacion-de-aspectos-ambientales-e-impactos/', 4, 'fo-ada-01-identificacion-de-aspectos-ambientales.pdf', NULL, 'IDENTIFICACIÓN DE ASPECTOS AMBIENTALES E IMPACTOS', '2021-12-07 01:42:19', '2021-12-07 01:42:19'),
(583, 'FO-ADA-02 MATRIZ DE EVALUACIÓN DE ASPECTOS AMBIENTALES Y CICLO DE VIDA', 1, 39, 33, 'archivos/procedimientos-iso-140012015-carpeta-6/identificacion-de-aspectos-ambientales-e-impactos/', 4, 'fo-ada-02-matriz-de-evaluacion-de-aspectos-ambientales-y-ciclo-de-vida.pdf', NULL, 'IDENTIFICACIÓN DE ASPECTOS AMBIENTALES E IMPACTOS', '2021-12-07 01:49:45', '2021-12-07 01:49:45'),
(584, 'MP-ADA-04 PREPARACIÓN Y RESPUESTA ANTE EMERGENCIAS', 1, 39, 33, 'archivos/procedimientos-iso-140012015-carpeta-6/preparacion-y-respuesta-ante-emergencias/', 4, 'mp-ada-04-preparacion-y-respuesta-ante-emergencias.pdf', NULL, 'PREPARACIÓN Y RESPUESTA ANTE EMERGENCIAS', '2021-12-07 01:57:36', '2021-12-07 01:57:36'),
(585, 'FO-ADA-05 REPORTE DE EMERGENCIA SIMULACRO', 1, 39, 33, 'archivos/procedimientos-iso-140012015-carpeta-6/preparacion-y-respuesta-ante-emergencias/', 4, 'fo-ada-05-reporte-de-emergencia-simulacro.pdf', NULL, 'PREPARACIÓN Y RESPUESTA ANTE EMERGENCIAS', '2021-12-07 01:58:44', '2021-12-07 01:58:44'),
(586, 'FO-ADA-07 PLAN DE REPUESTA ANTE EMERGENCIA', 1, 39, 33, 'archivos/procedimientos-iso-140012015-carpeta-6/preparacion-y-respuesta-ante-emergencias/', 4, 'fo-ada-07-plan-de-repuesta-ante-emergencia.pdf', NULL, 'PREPARACIÓN Y RESPUESTA ANTE EMERGENCIAS', '2021-12-07 01:59:31', '2021-12-07 01:59:31'),
(587, 'MP-MAM-05 CONTROL, SEGUIMIENTO Y MEDICIÓN OPERACIONAL', 1, 39, 33, 'archivos/procedimientos-iso-140012015-carpeta-6/control-seguimiento-y-medicion-operacional/', 4, 'mp-mam-05-control-seguimiento-y-medicion-operacional.pdf', NULL, 'CONTROL SEGUIMIENTO Y MEDICIÓN OPERACIONAL', '2021-12-07 03:52:38', '2021-12-07 03:52:38'),
(588, 'MP-REH-02 COMPRTENCIA, FORMACIÓN  Y TOMA DE CONCIENCIA', 1, 39, 33, 'archivos/procedimientos-iso-140012015-carpeta-6/competencia-formacion-y-toma-de-conciencia/', 4, 'mp-reh-02-comprtencia-formacion-y-toma-de-conciencia.pdf', NULL, 'COMPETENCIA, FORMACIÓN Y TOMA DE CONCIENCIA', '2021-12-07 03:57:18', '2021-12-07 03:57:18'),
(589, 'FO-REH-03', 1, 39, 33, 'archivos/procedimientos-iso-140012015-carpeta-6/competencia-formacion-y-toma-de-conciencia/', 4, 'fo-reh-03.pdf', NULL, 'COMPETENCIA, FORMACIÓN Y TOMA DE CONCIENCIA', '2021-12-07 04:00:58', '2021-12-07 04:00:58'),
(597, 'FO-TIR-01 PLANEACIÓN Y SEGUIMIENTO DIDÁCTICO', 1, 39, 30, 'archivos/procedimientos-iso-90012015-carpeta-3/planeacion-y-seguimiento-didactico/', 4, 'fo-tir-01-planeacion-y-seguimiento-didactico.pdf', NULL, 'PLANEACIÓN Y SEGUIMIENTO DIDÁCTICO', '2021-12-07 05:06:54', '2021-12-07 05:06:54'),
(599, 'FODA-SIG-01 9001', 1, 39, 25, 'archivos/documentos-rectores-iso-9001-y-14001-carpeta-1/iso-90012015/', 4, 'foda-sig-01-9001.pdf', NULL, 'ISO 9001:2015', '2021-12-11 06:58:05', '2021-12-11 06:58:05'),
(600, 'FODA-SIG-02 14001', 1, 39, 25, 'archivos/documentos-rectores-iso-9001-y-14001-carpeta-1/iso-140012015/', 4, 'foda-sig-02-14001.pdf', NULL, 'ISO 14001:2015', '2021-12-11 06:58:42', '2021-12-11 06:58:42'),
(601, 'PR-PED--01 PROGRAMA DE ACTIVIDADES DE INVESTIGACIÓN  ENERO-ABRIL 2021 PLANEADO', 1, 39, 31, 'archivos/procedimientos-iso-90012015-carpeta-4/programas-de-actividades/', 4, 'pr-ped-01-programa-de-actividades-de-investigacion-enero-abril-2021-planeado.pdf', NULL, 'PROGRAMAS DE ACTIVIDADES', '2021-12-11 08:04:54', '2021-12-11 08:04:54'),
(602, 'PR-PED-01 PROGRAMA DE ACTIVIDADES DE INVESTIGACIÓN ENERO-ABRIL 2021 REALIZADO', 1, 39, 31, 'archivos/procedimientos-iso-90012015-carpeta-4/programas-de-actividades/', 4, 'pr-ped-01-programa-de-actividades-de-investigacion-enero-abril-2021-realizado.pdf', NULL, 'PROGRAMAS DE ACTIVIDADES', '2021-12-11 08:07:07', '2021-12-11 08:07:07'),
(603, 'PR-PED-01 PROGRAMA DE ACTIVIDADES DE INVESTIGACIÓN MAYO-AGOSTO 2021 PLANEADO', 1, 39, 31, 'archivos/procedimientos-iso-90012015-carpeta-4/programas-de-actividades/', 4, 'pr-ped-01-programa-de-actividades-de-investigacion-mayo-agosto-2021-planeado.pdf', NULL, 'PROGRAMAS DE ACTIVIDADES', '2021-12-11 08:08:01', '2021-12-11 08:08:01'),
(604, 'PR-PED-01 PROGRAMA DE ACTIVIDADES DE INVESTIGACIÓN MAYO-AGOSTO 2021 REALIZADO', 1, 39, 31, 'archivos/procedimientos-iso-90012015-carpeta-4/programas-de-actividades/', 4, 'pr-ped-01-programa-de-actividades-de-investigacion-mayo-agosto-2021-realizado.pdf', NULL, 'PROGRAMAS DE ACTIVIDADES', '2021-12-11 08:08:28', '2021-12-11 08:08:28'),
(605, 'PR-PED-01 PROGRAMA DE ACTIVIDADES DE INVESTIGACIÓN SEPTIEMBRE-DICIEMBRE 2021 PLANEADO', 1, 39, 31, 'archivos/procedimientos-iso-90012015-carpeta-4/programas-de-actividades/', 4, 'pr-ped-01-programa-de-actividades-de-investigacion-septiembre-diciembre-2021-planeado.pdf', NULL, 'PROGRAMAS DE ACTIVIDADES', '2021-12-11 08:09:14', '2021-12-11 08:09:14'),
(607, 'PR-PED-01 PROGRAMA DE ACTIVIDADES DE INVESTIGACIÓN SEPTIEMBRE-DICIEMBRE 2021 REALIZADO', 1, 39, 31, 'archivos/procedimientos-iso-90012015-carpeta-4/programas-de-actividades/', 4, 'pr-ped-01-programa-de-actividades-de-investigacion-septiembre-diciembre-2021-realizado.pdf', NULL, 'PROGRAMAS DE ACTIVIDADES', '2021-12-11 08:11:36', '2021-12-11 08:11:36'),
(608, 'PR-PED-01 PROGRAMA DE ACTIVIDADES ACADÉMICAS ENERO-ABRIL 2021 PLANEADO', 1, 39, 31, 'archivos/procedimientos-iso-90012015-carpeta-4/programas-de-actividades/', 4, 'pr-ped-01-programa-de-actividades-academicas-enero-abril-2021-planeado.pdf', NULL, 'PROGRAMAS DE ACTIVIDADES', '2021-12-11 08:25:33', '2021-12-11 08:25:33'),
(609, 'PR-PED-01 PROGRAMA DE ACTIVIDADES ACADÉMICAS ENERO-ABRIL 2021 REALIZADO', 1, 39, 31, 'archivos/procedimientos-iso-90012015-carpeta-4/programas-de-actividades/', 4, 'pr-ped-01-programa-de-actividades-academicas-enero-abril-2021-realizado.pdf', NULL, 'PROGRAMAS DE ACTIVIDADES', '2021-12-11 08:25:57', '2021-12-11 08:25:57'),
(610, 'PR-PED-01 PROGRAMA DE ACTIVIDADES ACADÉMICAS MAYO-AGOSTO 2021 PLANEADO', 1, 39, 31, 'archivos/procedimientos-iso-90012015-carpeta-4/programas-de-actividades/', 4, 'pr-ped-01-programa-de-actividades-academicas-mayo-agosto-2021-planeado.pdf', NULL, 'PROGRAMAS DE ACTIVIDADES', '2021-12-11 08:29:31', '2021-12-11 08:29:31'),
(611, 'PR-PED-01 PROGRAMA DE ACTIVIDADES ACADÉMICAS MAYO-AGOSTO 2021 REALIZADO', 1, 39, 31, 'archivos/procedimientos-iso-90012015-carpeta-4/programas-de-actividades/', 4, 'pr-ped-01-programa-de-actividades-academicas-mayo-agosto-2021-realizado.pdf', NULL, 'PROGRAMAS DE ACTIVIDADES', '2021-12-11 08:30:02', '2021-12-11 08:30:02'),
(612, 'PR-PED-01 PROGRAMA DE ACTIVIDADES ACADÉMICAS SEPTIEMBRE-DICIEMBRE 2021 PLANEADO', 1, 39, 31, 'archivos/procedimientos-iso-90012015-carpeta-4/programas-de-actividades/', 4, 'pr-ped-01-programa-de-actividades-academicas-septiembre-diciembre-2021-planeado.pdf', NULL, 'PROGRAMAS DE ACTIVIDADES', '2021-12-11 08:34:28', '2021-12-11 08:34:28'),
(613, 'PR-PED-01 PROGRAMA DE ACTIVIDADES ACADÉMICAS SEPTIEMBRE-DICIEMBRE 2021 REALIZADO', 1, 39, 31, 'archivos/procedimientos-iso-90012015-carpeta-4/programas-de-actividades/', 4, 'pr-ped-01-programa-de-actividades-academicas-septiembre-diciembre-2021-realizado.pdf', NULL, 'PROGRAMAS DE ACTIVIDADES', '2021-12-11 08:34:56', '2021-12-11 08:34:56'),
(614, 'PR-PED-01 PROGRAMA DE CULTURA EMPRENDEDORA ENERO-ABRIL 2021 PLANEADO', 1, 39, 31, 'archivos/procedimientos-iso-90012015-carpeta-4/programas-de-actividades/', 4, 'pr-ped-01-programa-de-cultura-emprendedora-enero-abril-2021-planeado.pdf', NULL, 'PROGRAMAS DE ACTIVIDADES', '2021-12-11 08:47:00', '2021-12-11 08:47:00'),
(615, 'PR-PED-01 PROGRAMA DE CULTURA EMPRENDEDORA ENERO-ABRIL 2021 REALIZADO', 1, 39, 31, 'archivos/procedimientos-iso-90012015-carpeta-4/programas-de-actividades/', 4, 'pr-ped-01-programa-de-cultura-emprendedora-enero-abril-2021-realizado.pdf', NULL, 'PROGRAMAS DE ACTIVIDADES', '2021-12-11 08:48:27', '2021-12-11 08:48:27'),
(616, 'PR-PED-01 PROGRAMA DE CULTURA EMPRENDEDORA MAYO-AGOSTO 2021 PLANEADO', 1, 39, 31, 'archivos/procedimientos-iso-90012015-carpeta-4/programas-de-actividades/', 4, 'pr-ped-01-programa-de-cultura-emprendedora-mayo-agosto-2021-planeado.pdf', NULL, 'PROGRAMAS DE ACTIVIDADES', '2021-12-11 08:49:06', '2021-12-11 08:49:06'),
(617, 'PR-PED-01 PROGRAMA DE CULTURA EMPRENDEDORA MAYO-AGOSTO 2021 REALIZADO', 1, 39, 31, 'archivos/procedimientos-iso-90012015-carpeta-4/programas-de-actividades/', 4, 'pr-ped-01-programa-de-cultura-emprendedora-mayo-agosto-2021-realizado.pdf', NULL, 'PROGRAMAS DE ACTIVIDADES', '2021-12-11 08:49:42', '2021-12-11 08:49:42'),
(618, 'PR-PED-01 PROGRAMA DE CULTURA EMPRENDEDORA SEPTIEMBRE-DICIEMBRE 2021 PLANEADO', 1, 39, 31, 'archivos/procedimientos-iso-90012015-carpeta-4/programas-de-actividades/', 4, 'pr-ped-01-programa-de-cultura-emprendedora-septiembre-diciembre-2021-planeado.pdf', NULL, 'PROGRAMAS DE ACTIVIDADES', '2021-12-11 08:50:18', '2021-12-11 08:50:18'),
(619, 'PR-PED-01 PROGRAMA DE CULTURA EMPRENDEDORA SEPTIEMBRE-DICIEMBRE 2021 REALIZADO', 1, 39, 31, 'archivos/procedimientos-iso-90012015-carpeta-4/programas-de-actividades/', 4, 'pr-ped-01-programa-de-cultura-emprendedora-septiembre-diciembre-2021-realizado.pdf', NULL, 'PROGRAMAS DE ACTIVIDADES', '2021-12-11 08:50:52', '2021-12-11 08:50:52'),
(620, 'mi-sig-01 manual de calidad', 1, 39, 25, 'archivos/documentos-rectores-iso-9001-y-14001-carpeta-1/iso-90012015/', 4, 'mi-sig-01-manual-de-calidad.pdf', NULL, 'ISO 9001:2015', '2021-12-13 22:57:23', '2021-12-13 22:57:23'),
(621, 'FO-ASD-01 LISTA MAESTRA DE CONTROL DE DOCUMENTOS', 1, 39, 26, 'archivos/procedimientos-base-iso-9001-y-14001-carpeta-2/control-de-documentos/', 4, 'fo-asd-01-lista-maestra-de-control-de-documentos.pdf', NULL, 'CONTROL DE DOCUMENTOS', '2021-12-13 23:02:34', '2021-12-13 23:02:34'),
(622, 'FO-ASD-02 LISTA DE CONTROL DE DOCUMENTOS EXTERNOS', 1, 39, 26, 'archivos/procedimientos-base-iso-9001-y-14001-carpeta-2/control-de-documentos/', 4, 'fo-asd-02-lista-de-control-de-documentos-externos.pdf', NULL, 'CONTROL DE DOCUMENTOS', '2021-12-13 23:04:03', '2021-12-13 23:04:03'),
(623, 'FO-ASD-01 LISTA MAESTRA DE CONTROL DE DOCUMENTOS', 1, 39, 26, 'archivos/procedimientos-base-iso-9001-y-14001-carpeta-2/control-de-documentos/', 4, 'fo-asd-01-lista-maestra-de-control-de-documentos.pdf', NULL, 'CONTROL DE DOCUMENTOS', '2021-12-13 23:06:24', '2021-12-13 23:06:24'),
(624, 'FO-ASD-02 LISTA DE CONTROL DE DOCUMENTOS EXTERNOS', 1, 39, 26, 'archivos/procedimientos-base-iso-9001-y-14001-carpeta-2/control-de-documentos/', 4, 'fo-asd-02-lista-de-control-de-documentos-externos.pdf', NULL, 'CONTROL DE DOCUMENTOS', '2021-12-13 23:07:30', '2021-12-13 23:07:30'),
(625, 'FO-ASD-01 LISTA MAESTRA DE CONTROL DE DOCUMENTOS', 1, 39, 25, 'archivos/documentos-rectores-iso-9001-y-14001-carpeta-1/iso-90012015/', 4, 'fo-asd-01-lista-maestra-de-control-de-documentos.pdf', NULL, 'ISO 9001:2015', '2021-12-13 23:20:22', '2021-12-13 23:20:22'),
(626, 'fo-asd-03 lista maestra de registros', 1, 39, 25, 'archivos/documentos-rectores-iso-9001-y-14001-carpeta-1/iso-90012015/', 4, 'fo-asd-03-lista-maestra-de-registros.pdf', NULL, 'ISO 9001:2015', '2021-12-13 23:21:48', '2021-12-13 23:21:48'),
(627, 'FO-ASD-01 LISTA MAESTRA DE CONTROL DE DOCUMENTOS 14001', 1, 39, 25, 'archivos/documentos-rectores-iso-9001-y-14001-carpeta-1/iso-140012015/', 4, 'fo-asd-01-lista-maestra-de-control-de-documentos-14001.pdf', NULL, 'ISO 14001:2015', '2021-12-13 23:22:55', '2021-12-13 23:22:55'),
(628, 'fo-asd-03 lista maestra de registros 14001', 1, 39, 25, 'archivos/documentos-rectores-iso-9001-y-14001-carpeta-1/iso-140012015/', 4, 'fo-asd-03-lista-maestra-de-registros-14001.pdf', NULL, 'ISO 14001:2015', '2021-12-13 23:23:36', '2021-12-13 23:23:36'),
(629, 'FO-PED-01 planeacion-de-asignatura', 1, 39, 30, 'archivos/procedimientos-iso-90012015-carpeta-3/planeacion-y-seguimiento-didactico/', 4, 'fo-ped-01-planeacion-de-asignatura.pdf', NULL, 'PLANEACIÓN Y SEGUIMIENTO DIDÁCTICO', '2022-05-17 22:42:51', '2022-05-17 22:42:51'),
(630, 'FO-PED-02 seguimiento-a-la-planeacion', 1, 39, 30, 'archivos/procedimientos-iso-90012015-carpeta-3/planeacion-y-seguimiento-didactico/', 4, 'fo-ped-02-seguimiento-a-la-planeacion.pdf', NULL, 'PLANEACIÓN Y SEGUIMIENTO DIDÁCTICO', '2022-05-17 22:43:15', '2022-05-17 22:43:15'),
(631, 'FO-PED-03 evaluacion-par', 1, 39, 30, 'archivos/procedimientos-iso-90012015-carpeta-3/planeacion-y-seguimiento-didactico/', 4, 'fo-ped-03-evaluacion-par.pdf', NULL, 'PLANEACIÓN Y SEGUIMIENTO DIDÁCTICO', '2022-05-17 22:43:41', '2022-05-17 22:43:41'),
(632, 'FO-PED-04 lista-de-cotejo-de-portafolio-de-evidencias', 1, 39, 30, 'archivos/procedimientos-iso-90012015-carpeta-3/planeacion-y-seguimiento-didactico/', 4, 'fo-ped-04-lista-de-cotejo-de-portafolio-de-evidencias.pdf', NULL, 'PLANEACIÓN Y SEGUIMIENTO DIDÁCTICO', '2022-05-17 22:43:59', '2022-05-17 22:43:59'),
(633, 'FO-PED-05 sistema-de-evaluacion-del-desempeno-docente', 1, 39, 30, 'archivos/procedimientos-iso-90012015-carpeta-3/planeacion-y-seguimiento-didactico/', 4, 'fo-ped-05-sistema-de-evaluacion-del-desempeno-docente.pdf', NULL, 'PLANEACIÓN Y SEGUIMIENTO DIDÁCTICO', '2022-05-17 22:44:19', '2022-05-17 22:44:19'),
(634, 'FO-PED-06 monitoreo-del-desempeno-docente.', 1, 39, 30, 'archivos/procedimientos-iso-90012015-carpeta-3/planeacion-y-seguimiento-didactico/', 4, 'fo-ped-06-monitoreo-del-desempeno-docente.pdf', NULL, 'PLANEACIÓN Y SEGUIMIENTO DIDÁCTICO', '2022-05-17 22:44:43', '2022-05-17 22:44:43'),
(635, 'fo-tir-01-planeacion-y-seguimiento-didactico', 1, 39, 30, 'archivos/procedimientos-iso-90012015-carpeta-3/planeacion-y-seguimiento-didactico/', 4, 'fo-tir-01-planeacion-y-seguimiento-didactico.pdf', NULL, 'PLANEACIÓN Y SEGUIMIENTO DIDÁCTICO', '2022-05-17 22:45:17', '2022-05-17 22:45:17'),
(636, 'AC-SIG-07 REGISTRO DE CALIFICACIONES', 1, 39, 31, 'archivos/procedimientos-iso-90012015-carpeta-4/actividades/', 4, 'ac-sig-07-registro-de-calificaciones.pdf', NULL, 'ACTIVIDADES', '2022-05-19 02:19:20', '2022-05-19 02:19:20'),
(637, 'MP-MAM-06 revision-por-la-direccion', 1, 39, 26, 'archivos/procedimientos-base-iso-9001-y-14001-carpeta-2/revision-por-la-direccion/', 4, 'mp-mam-06-revision-por-la-direccion.pdf', NULL, 'REVISIÓN POR LA DIRECCIÓN', '2022-05-19 03:38:15', '2022-05-19 03:38:15');

-- --------------------------------------------------------

--
-- Estructura de tabla para la tabla `categoria`
--

CREATE TABLE `categoria` (
  `id` int(11) NOT NULL,
  `nombre` varchar(256) COLLATE utf8_spanish_ci NOT NULL,
  `carpeta` varchar(150) COLLATE utf8_spanish_ci NOT NULL,
  `posicion` int(5) DEFAULT NULL,
  `created_at` timestamp NOT NULL DEFAULT current_timestamp() ON UPDATE current_timestamp(),
  `updated_at` timestamp NOT NULL DEFAULT '0000-00-00 00:00:00'
) ENGINE=InnoDB DEFAULT CHARSET=utf8 COLLATE=utf8_spanish_ci;

--
-- Volcado de datos para la tabla `categoria`
--

INSERT INTO `categoria` (`id`, `nombre`, `carpeta`, `posicion`, `created_at`, `updated_at`) VALUES
(25, 'DOCUMENTOS RECTORES \"ISO 9001 Y 14001\" (CARPETA 1)', 'documentos-rectores-iso-9001-y-14001-carpeta-1', 7, '2021-12-02 19:09:52', '2021-12-03 01:09:52'),
(26, 'PROCEDIMIENTOS BASE \"ISO 9001 Y 14001\" (CARPETA 2)', 'procedimientos-base-iso-9001-y-14001-carpeta-2', 7, '2021-12-03 01:10:49', '2021-12-03 01:10:49'),
(30, 'PROCEDIMIENTOS ISO 9001:2015 (CARPETA 3)', 'procedimientos-iso-90012015-carpeta-3', 7, '2021-12-03 23:39:53', '2021-12-03 23:39:53'),
(31, 'PROCEDIMIENTOS ISO 9001:2015 (CARPETA 4)', 'procedimientos-iso-90012015-carpeta-4', 7, '2021-12-06 21:15:22', '2021-12-06 21:15:22'),
(32, 'PROGRAMAS ISO 14001:2015 (CARPETA 5)', 'programas-iso-140012015-carpeta-5', 7, '2021-12-06 22:23:42', '2021-12-06 22:23:42'),
(33, 'PROCEDIMIENTOS ISO 14001:2015 (CARPETA 6)', 'procedimientos-iso-140012015-carpeta-6', 7, '2021-12-07 01:24:46', '2021-12-07 01:24:46');

-- --------------------------------------------------------

--
-- Estructura de tabla para la tabla `inicio`
--

CREATE TABLE `inicio` (
  `id` int(11) NOT NULL,
  `bienvenida` text COLLATE utf8_spanish_ci DEFAULT NULL,
  `politica` text COLLATE utf8_spanish_ci DEFAULT NULL,
  `mision` text COLLATE utf8_spanish_ci DEFAULT NULL,
  `vision` text COLLATE utf8_spanish_ci DEFAULT NULL,
  `created_at` timestamp NOT NULL DEFAULT current_timestamp() ON UPDATE current_timestamp(),
  `updated_at` timestamp NOT NULL DEFAULT '0000-00-00 00:00:00'
) ENGINE=InnoDB DEFAULT CHARSET=utf8 COLLATE=utf8_spanish_ci;

--
-- Volcado de datos para la tabla `inicio`
--

INSERT INTO `inicio` (`id`, `bienvenida`, `politica`, `mision`, `vision`, `created_at`, `updated_at`) VALUES
(1, 'BIENVENIDO AL PORTAL DEL SIG DE LA UNIVERSIDAD POLITÉCNICA DE TECÁMAC, EN ESTE LUGAR ENCONTRARÁS LOS DOCUMENTOS QUE INTEGRAN NUESTRO SISTEMA INTEGRAL DE GESTIÓN BASADO EN LAS NORMAS NMX-CC-9001-IMNC-2015 (ISO 9001:2015) Y NMX-SAA-14001-IMNC-2015 (ISO 14001:2015), TE INVITAMOS A QUE CONSULTES NUESTRA POLÍTICA DE CALIDAD Y GESTIÓN AMBIENTAL, PROCEDIMIENTOS, FORMATOS Y DEMÁS DOCUMENTOS QUE FORMAN PARTE DE TU PROCESO, ¡ÚNETE A LA CALIDAD Y A LA GESTIÓN AMBIENTAL! ', '“BRINDAR SERVICIOS EDUCATIVOS REFERENTES A LA INSCRIPCIÓN, REINSCRIPCIÓN Y EL PROCESO EDUCATIVO, CON UN ENFOQUE DE RESPETO AL MEDIO AMBIENTE Y USO RACIONAL DE LOS RECURSOS, A TRAVÉS DEL SISTEMA INTEGRAL DE GESTIÓN COMO HERRAMIENTA DE MEJORA CONTINUA Y EL COMPROMISO DE LA COMUNIDAD UNIVERSITARIA EN EL CUMPLIMIENTO DE LA LEGISLACIÓN AMBIENTAL APLICABLE.”', '“CONTRIBUIR AL CRECIMIENTO NACIONAL, MEDIANTE LA FORMACIÓN DE PROFESIONISTAS DE CALIDAD, A TRAVÉS DE COMPETENCIAS PROFESIONALES CON INNOVACIÓN EN LA GENERACIÓN DE TECNOLOGÍA; QUE PERMITA RESOLVER LA PROBLEMÁTICA DE LAS EMPRESAS, FOMENTAR EL BIENESTAR SOCIAL, AVIVAR LOS VALORES HUMANÍSTICOS Y LA CONSERVACIÓN DE LA CULTURA ECOLÓGICA.”', '“SER UN REFERENTE NACIONAL, CON RECONOCIMIENTO INTERNACIONAL EN EDUCACIÓN SUPERIOR BASADA EN COMPETENCIAS PROFESIONALES CON PROGRAMAS EDUCATIVOS DE CALIDAD QUE FORMEN TÉCNICA, ÉTICA Y PROFESIONALMENTE A SUS EGRESADOS PARA LA INVESTIGACIÓN, EL DESARROLLO TECNOLÓGICO, LA PREVENCIÓN DEL MEDIO AMBIENTE, LA PROMOCIÓN DE LA CULTURA Y EL APORTE AL DESARROLLO ECONÓMICO Y SOCIAL, EN APEGO AL COMPROMISO DE MEJORA CONTINUA Y AL CUMPLIMIENTO DEL PLAN DE DESARROLLO INSTITUCIONAL EN EL AÑO 2023.”', '2020-12-14 22:37:20', '0000-00-00 00:00:00');

-- --------------------------------------------------------

--
-- Estructura de tabla para la tabla `movimiento_usuario`
--

CREATE TABLE `movimiento_usuario` (
  `id` int(11) NOT NULL,
  `movimiento` varchar(50) COLLATE utf8_spanish_ci NOT NULL,
  `informe` text COLLATE utf8_spanish_ci NOT NULL,
  `created_at` timestamp NOT NULL DEFAULT current_timestamp() ON UPDATE current_timestamp(),
  `updated_at` timestamp NOT NULL DEFAULT '0000-00-00 00:00:00'
) ENGINE=InnoDB DEFAULT CHARSET=utf8 COLLATE=utf8_spanish_ci;

--
-- Volcado de datos para la tabla `movimiento_usuario`
--

INSERT INTO `movimiento_usuario` (`id`, `movimiento`, `informe`, `created_at`, `updated_at`) VALUES
(1, 'Archivo Agregado', 'Se agrego archivo con el nombre Prueba y con extension .xlsx por el usuario Emmanuele', '2019-02-22 05:33:00', '2019-02-22 05:33:00'),
(2, 'Archivo Agregado', 'Se agrego archivo con el nombre Prueba y con extension .xlsx por el usuario Emmanuele', '2019-02-22 05:34:50', '2019-02-22 05:34:50'),
(3, 'Archivo Agregado', 'Se agrego archivo con el nombre test y con extension .xlsx por el usuario Emmanuele', '2019-02-23 01:40:59', '2019-02-23 01:40:59'),
(4, 'Subcategoria Eliminada', 'La Subcategoria  segunda fue eliminada por Usuario Emmanuele', '2019-02-23 02:08:38', '2019-02-23 02:08:38'),
(5, 'Categoria Eliminada', 'Categoria emma03 eliminada por Emmanuele', '2019-02-23 02:08:59', '2019-02-23 02:08:59'),
(6, 'Categoria Eliminada', 'Categoria tres eliminada por Emmanuele', '2019-02-23 02:09:06', '2019-02-23 02:09:06'),
(7, 'Categoria Eliminada', 'Categoria torres eliminada por Emmanuele', '2019-02-23 02:09:14', '2019-02-23 02:09:14'),
(8, 'Categoria Eliminada', 'Categoria prueba eliminada por Emmanuele', '2019-02-23 02:09:21', '2019-02-23 02:09:21'),
(9, 'Categoria Eliminada', 'Categoria ok eliminada por Emmanuele', '2019-02-23 02:09:29', '2019-02-23 02:09:29'),
(10, 'Categoria Eliminada', 'Categoria hola eliminada por Emmanuele', '2019-02-23 02:10:33', '2019-02-23 02:10:33'),
(11, 'Categoria Eliminada', 'Categoria emma02 eliminada por Emmanuele', '2019-02-23 02:10:47', '2019-02-23 02:10:47'),
(12, 'Categoria Eliminada', 'Categoria emma eliminada por Emmanuele', '2019-02-23 02:10:52', '2019-02-23 02:10:52'),
(13, 'Categoria Eliminada', 'Categoria e eliminada por Emmanuele', '2019-02-23 02:10:58', '2019-02-23 02:10:58'),
(14, 'Categoria Eliminada', 'Categoria cuatro eliminada por Emmanuele', '2019-02-23 02:11:03', '2019-02-23 02:11:03'),
(15, 'Categoria Eliminada', 'Categoria Categoria 2 eliminada por Emmanuele', '2019-02-23 02:11:08', '2019-02-23 02:11:08'),
(16, 'Categoria Eliminada', 'Categoria cate01 eliminada por Emmanuele', '2019-02-23 02:11:18', '2019-02-23 02:11:18'),
(17, 'Archivo movido a carpeta', 'Archivo  tester movido a Derogados por Usuario Emmanuele', '2019-02-23 05:27:35', '2019-02-23 05:27:35'),
(18, 'Archivo eliminado', 'Archivo con nombre tester eliminado de carpeta Derogados', '2019-02-23 05:27:50', '2019-02-23 05:27:50'),
(19, 'Archivo Agregado', 'Se agrego archivo con el nombre Política, Misión y Visión y con extension .pdf por el usuario Enrique', '2019-02-26 05:19:30', '2019-02-26 05:19:30'),
(20, 'Categoria Eliminada', 'Categoria General eliminada por Enrique', '2019-03-06 08:22:54', '2019-03-06 08:22:54'),
(21, 'Categoria Eliminada', 'Categoria Ambas ISO eliminada por Enrique', '2019-03-07 03:00:08', '2019-03-07 03:00:08'),
(22, 'Archivo Agregado', 'Se agrego archivo con el nombre horarios y con extension .pdf por el usuario Enrique', '2019-03-07 03:48:56', '2019-03-07 03:48:56'),
(23, 'Archivo Agregado', 'Se agrego archivo con el nombre MA-SIG-01 y con extension .pdf por el usuario Enrique', '2019-03-07 03:59:46', '2019-03-07 03:59:46'),
(24, 'Archivo Agregado', 'Se agrego archivo con el nombre DIIP-SIG-01 y con extension .pdf por el usuario Enrique', '2019-03-07 04:00:37', '2019-03-07 04:00:37'),
(25, 'Archivo Agregado', 'Se agrego archivo con el nombre DR-SIG-01 y con extension .pdf por el usuario Enrique', '2019-03-07 04:02:57', '2019-03-07 04:02:57'),
(26, 'Archivo Agregado', 'Se agrego archivo con el nombre FO-ASD-01 y con extension .pdf por el usuario Enrique', '2019-03-07 04:03:44', '2019-03-07 04:03:44'),
(27, 'Archivo Agregado', 'Se agrego archivo con el nombre Prueba y con extension .pdf por el usuario Enrique', '2019-03-07 04:11:26', '2019-03-07 04:11:26'),
(28, 'Archivo Agregado', 'Se agrego archivo con el nombre MA-SIG-01 y con extension .pdf por el usuario Enrique', '2019-03-07 04:15:46', '2019-03-07 04:15:46'),
(29, 'Archivo Agregado', 'Se agrego archivo con el nombre MI-SIG-02 y con extension .pdf por el usuario Enrique', '2019-03-07 04:18:23', '2019-03-07 04:18:23'),
(30, 'Archivo Agregado', 'Se agrego archivo con el nombre DIIP-SIG-01 y con extension .pdf por el usuario Enrique', '2019-03-07 04:21:20', '2019-03-07 04:21:20'),
(31, 'Archivo Agregado', 'Se agrego archivo con el nombre DR-SIG-01 y con extension .pdf por el usuario Enrique', '2019-03-07 04:21:48', '2019-03-07 04:21:48'),
(32, 'Archivo Agregado', 'Se agrego archivo con el nombre FO-ASD-01 y con extension .pdf por el usuario Enrique', '2019-03-07 04:22:42', '2019-03-07 04:22:42'),
(33, 'Archivo Agregado', 'Se agrego archivo con el nombre FO-ASD-01 Ambiental y con extension .pdf por el usuario Enrique', '2019-03-07 04:23:10', '2019-03-07 04:23:10'),
(34, 'Archivo Agregado', 'Se agrego archivo con el nombre FO-ASD-02 y con extension .pdf por el usuario Enrique', '2019-03-07 04:29:08', '2019-03-07 04:29:08'),
(35, 'Archivo Agregado', 'Se agrego archivo con el nombre FO-ASD-03 y con extension .pdf por el usuario Enrique', '2019-03-07 04:29:42', '2019-03-07 04:29:42'),
(36, 'Archivo Agregado', 'Se agrego archivo con el nombre FO-ASD-03 Ambiental y con extension .pdf por el usuario Enrique', '2019-03-07 04:30:26', '2019-03-07 04:30:26'),
(37, 'Archivo Agregado', 'Se agrego archivo con el nombre Política, Misión y Visión y con extension .pdf por el usuario Enrique', '2019-03-07 04:30:55', '2019-03-07 04:30:55'),
(38, 'Archivo Agregado', 'Se agrego archivo con el nombre MP-MAM-02 y con extension .pdf por el usuario Enrique', '2019-03-07 04:35:04', '2019-03-07 04:35:04'),
(39, 'Archivo Agregado', 'Se agrego archivo con el nombre FO-MAM-07 y con extension .pdf por el usuario Enrique', '2019-03-07 04:35:52', '2019-03-07 04:35:52'),
(40, 'Archivo Agregado', 'Se agrego archivo con el nombre FO-MAM-09 y con extension .pdf por el usuario Enrique', '2019-03-07 04:36:51', '2019-03-07 04:36:51'),
(41, 'Subcategoria Eliminada', 'La Subcategoria  Ambas ISO II fue eliminada por Usuario Enrique', '2019-03-07 04:38:18', '2019-03-07 04:38:18'),
(42, 'Archivo Agregado', 'Se agrego archivo con el nombre MP-MAM-02 y con extension .pdf por el usuario Enrique', '2019-03-07 04:40:22', '2019-03-07 04:40:22'),
(43, 'Archivo Agregado', 'Se agrego archivo con el nombre MP-MAM-01 y con extension .pdf por el usuario Enrique', '2019-03-07 04:42:03', '2019-03-07 04:42:03'),
(44, 'Archivo Agregado', 'Se agrego archivo con el nombre FO-MAM-07 y con extension .pdf por el usuario Enrique', '2019-03-07 04:43:28', '2019-03-07 04:43:28'),
(45, 'Archivo Agregado', 'Se agrego archivo con el nombre FO-MAM-09 y con extension .pdf por el usuario Enrique', '2019-03-07 04:44:18', '2019-03-07 04:44:18'),
(46, 'Archivo Agregado', 'Se agrego archivo con el nombre MP-MAM-01 y con extension .pdf por el usuario Enrique', '2019-03-07 04:48:32', '2019-03-07 04:48:32'),
(47, 'Archivo Agregado', 'Se agrego archivo con el nombre FO-MAM-01 y con extension .pdf por el usuario Enrique', '2019-03-07 04:49:28', '2019-03-07 04:49:28'),
(48, 'Archivo Agregado', 'Se agrego archivo con el nombre FO-MAM-02 y con extension .pdf por el usuario Enrique', '2019-03-07 04:52:50', '2019-03-07 04:52:50'),
(49, 'Archivo Agregado', 'Se agrego archivo con el nombre FO-MAM-03 y con extension .pdf por el usuario Enrique', '2019-03-07 04:53:31', '2019-03-07 04:53:31'),
(50, 'Archivo Agregado', 'Se agrego archivo con el nombre FO-MAM-04 y con extension .pdf por el usuario Enrique', '2019-03-07 04:56:40', '2019-03-07 04:56:40'),
(51, 'Archivo Agregado', 'Se agrego archivo con el nombre FO-MAM-05 y con extension .pdf por el usuario Enrique', '2019-03-07 04:57:50', '2019-03-07 04:57:50'),
(52, 'Archivo Agregado', 'Se agrego archivo con el nombre FO-MAM-05 y con extension .pdf por el usuario Enrique', '2019-03-07 04:58:42', '2019-03-07 04:58:42'),
(53, 'Archivo Agregado', 'Se agrego archivo con el nombre FO-MAM-06 y con extension .pdf por el usuario Enrique', '2019-03-07 04:59:10', '2019-03-07 04:59:10'),
(54, 'Archivo Agregado', 'Se agrego archivo con el nombre FO-MAM-07 y con extension .pdf por el usuario Enrique', '2019-03-07 04:59:39', '2019-03-07 04:59:39'),
(55, 'Archivo Agregado', 'Se agrego archivo con el nombre FO-MAM-08 y con extension .pdf por el usuario Enrique', '2019-03-07 05:05:19', '2019-03-07 05:05:19'),
(56, 'Archivo Agregado', 'Se agrego archivo con el nombre Mp-CIE-01 y con extension .pdf por el usuario Enrique', '2019-03-07 05:06:44', '2019-03-07 05:06:44'),
(57, 'Archivo Agregado', 'Se agrego archivo con el nombre FO-CIE-01 y con extension .pdf por el usuario Enrique', '2019-03-07 05:07:35', '2019-03-07 05:07:35'),
(58, 'Archivo Agregado', 'Se agrego archivo con el nombre FO-CIE-02 y con extension .pdf por el usuario Enrique', '2019-03-07 05:08:07', '2019-03-07 05:08:07'),
(59, 'Archivo Agregado', 'Se agrego archivo con el nombre MP-ASD-01 y con extension .pdf por el usuario Enrique', '2019-03-07 05:10:00', '2019-03-07 05:10:00'),
(60, 'Archivo Agregado', 'Se agrego archivo con el nombre FO-ASD-01 y con extension .pdf por el usuario Enrique', '2019-03-07 05:10:37', '2019-03-07 05:10:37'),
(61, 'Archivo Agregado', 'Se agrego archivo con el nombre FO-ASD-03 y con extension .pdf por el usuario Enrique', '2019-03-07 05:11:45', '2019-03-07 05:11:45'),
(62, 'Archivo Agregado', 'Se agrego archivo con el nombre MP-ASD-02 y con extension .pdf por el usuario Enrique', '2019-03-07 05:13:47', '2019-03-07 05:13:47'),
(63, 'Archivo Agregado', 'Se agrego archivo con el nombre FO-ASD-01 y con extension .pdf por el usuario Enrique', '2019-03-07 05:14:21', '2019-03-07 05:14:21'),
(64, 'Archivo Agregado', 'Se agrego archivo con el nombre FO-ASD-02 y con extension .pdf por el usuario Enrique', '2019-03-07 05:14:48', '2019-03-07 05:14:48'),
(65, 'Archivo Agregado', 'Se agrego archivo con el nombre FO-ASD-03 y con extension .pdf por el usuario Enrique', '2019-03-07 05:15:19', '2019-03-07 05:15:19'),
(66, 'Archivo Agregado', 'Se agrego archivo con el nombre MP-MAM-06 y con extension .pdf por el usuario Enrique', '2019-03-07 05:16:46', '2019-03-07 05:16:46'),
(67, 'Archivo Agregado', 'Se agrego archivo con el nombre FO-MAM-06 y con extension .pdf por el usuario Enrique', '2019-03-07 05:19:11', '2019-03-07 05:19:11'),
(68, 'Archivo Agregado', 'Se agrego archivo con el nombre MP-FOA-02 y con extension .pdf por el usuario Enrique', '2019-03-07 05:24:05', '2019-03-07 05:24:05'),
(69, 'Archivo Agregado', 'Se agrego archivo con el nombre FO-ASE-01 y con extension .pdf por el usuario Enrique', '2019-03-07 05:24:31', '2019-03-07 05:24:31'),
(70, 'Archivo Agregado', 'Se agrego archivo con el nombre FO-ASE-02 y con extension .pdf por el usuario Enrique', '2019-03-07 05:25:02', '2019-03-07 05:25:02'),
(71, 'Archivo Agregado', 'Se agrego archivo con el nombre MP-FOA-01 y con extension .pdf por el usuario Enrique', '2019-03-07 05:26:29', '2019-03-07 05:26:29'),
(72, 'Archivo Agregado', 'Se agrego archivo con el nombre FO-TUT-01 y con extension .pdf por el usuario Enrique', '2019-03-07 05:26:54', '2019-03-07 05:26:54'),
(73, 'Archivo Agregado', 'Se agrego archivo con el nombre FO-TUT-02 y con extension .pdf por el usuario Enrique', '2019-03-07 05:27:27', '2019-03-07 05:27:27'),
(74, 'Archivo Agregado', 'Se agrego archivo con el nombre FO-TUT-03 y con extension .pdf por el usuario Enrique', '2019-03-07 05:28:16', '2019-03-07 05:28:16'),
(75, 'Archivo Agregado', 'Se agrego archivo con el nombre DR-FOA-01 y con extension .pdf por el usuario Enrique', '2019-03-07 05:30:23', '2019-03-07 05:30:23'),
(76, 'Archivo Agregado', 'Se agrego archivo con el nombre Fo-VPT-01 y con extension .pdf por el usuario Enrique', '2019-03-07 05:31:06', '2019-03-07 05:31:06'),
(77, 'Archivo Agregado', 'Se agrego archivo con el nombre MP-INS-01 y con extension .pdf por el usuario Enrique', '2019-03-07 05:32:26', '2019-03-07 05:32:26'),
(78, 'Archivo Agregado', 'Se agrego archivo con el nombre FO-INS-01 y con extension .pdf por el usuario Enrique', '2019-03-07 05:33:01', '2019-03-07 05:33:01'),
(79, 'Archivo Agregado', 'Se agrego archivo con el nombre FO-INS-02 y con extension .pdf por el usuario Enrique', '2019-03-07 05:33:24', '2019-03-07 05:33:24'),
(80, 'Archivo Agregado', 'Se agrego archivo con el nombre FO-INS-03 y con extension .pdf por el usuario Enrique', '2019-03-07 05:33:47', '2019-03-07 05:33:47'),
(81, 'Archivo Agregado', 'Se agrego archivo con el nombre FO-INS-04 y con extension .pdf por el usuario Enrique', '2019-03-07 05:34:10', '2019-03-07 05:34:10'),
(82, 'Archivo Agregado', 'Se agrego archivo con el nombre MP-REI-01 y con extension .pdf por el usuario Enrique', '2019-03-07 05:35:41', '2019-03-07 05:35:41'),
(83, 'Archivo Agregado', 'Se agrego archivo con el nombre FO-REI-01 y con extension .pdf por el usuario Enrique', '2019-03-07 05:36:06', '2019-03-07 05:36:06'),
(84, 'Archivo Agregado', 'Se agrego archivo con el nombre FO-INS-03 y con extension .pdf por el usuario Enrique', '2019-03-07 05:36:31', '2019-03-07 05:36:31'),
(85, 'Archivo Agregado', 'Se agrego archivo con el nombre FO-INS-04 y con extension .pdf por el usuario Enrique', '2019-03-07 05:37:12', '2019-03-07 05:37:12'),
(86, 'Subcategoria Eliminada', 'La Subcategoria  Asesorías fue eliminada por Usuario Enrique', '2019-03-07 11:08:39', '2019-03-07 11:08:39'),
(87, 'Subcategoria Eliminada', 'La Subcategoria  Re-inscripción fue eliminada por Usuario Enrique', '2019-03-07 11:09:03', '2019-03-07 11:09:03'),
(88, 'Subcategoria Eliminada', 'La Subcategoria  Inscripción fue eliminada por Usuario Enrique', '2019-03-07 11:09:16', '2019-03-07 11:09:16'),
(89, 'Subcategoria Eliminada', 'La Subcategoria  CRITERIOS DE SELECCIÓN, ASIGNACIÓN Y VALIDACIÓN DEL PERFIL DEL TUTOR fue eliminada por Usuario Enrique', '2019-03-07 11:09:46', '2019-03-07 11:09:46'),
(90, 'Subcategoria Eliminada', 'La Subcategoria  Tutorías fue eliminada por Usuario Enrique', '2019-03-07 11:10:01', '2019-03-07 11:10:01'),
(91, 'Archivo Agregado', 'Se agrego archivo con el nombre MP-FOA-02 y con extension .pdf por el usuario Enrique', '2019-03-08 00:18:24', '2019-03-08 00:18:24'),
(92, 'Archivo Agregado', 'Se agrego archivo con el nombre FO-ASE-01 y con extension .pdf por el usuario Enrique', '2019-03-08 00:19:46', '2019-03-08 00:19:46'),
(93, 'Archivo Agregado', 'Se agrego archivo con el nombre FO-ASE-02 y con extension .pdf por el usuario Enrique', '2019-03-08 00:20:22', '2019-03-08 00:20:22'),
(94, 'Archivo Agregado', 'Se agrego archivo con el nombre Fo- ase y con extension .pdf por el usuario Enrique', '2019-03-08 00:22:38', '2019-03-08 00:22:38'),
(95, 'Archivo Agregado', 'Se agrego archivo con el nombre FO-ASE-01 y con extension .pdf por el usuario Enrique', '2019-03-08 00:23:50', '2019-03-08 00:23:50'),
(96, 'Archivo Agregado', 'Se agrego archivo con el nombre FO-ASE-02 y con extension .pdf por el usuario Enrique', '2019-03-08 00:24:29', '2019-03-08 00:24:29'),
(97, 'Archivo Agregado', 'Se agrego archivo con el nombre MP-FOA-01 y con extension .pdf por el usuario Enrique', '2019-03-08 00:25:32', '2019-03-08 00:25:32'),
(98, 'Archivo Agregado', 'Se agrego archivo con el nombre FO-TUT-01 y con extension .pdf por el usuario Enrique', '2019-03-08 00:26:01', '2019-03-08 00:26:01'),
(99, 'Archivo Agregado', 'Se agrego archivo con el nombre FO-TUT-02 y con extension .pdf por el usuario Enrique', '2019-03-08 00:26:22', '2019-03-08 00:26:22'),
(100, 'Archivo Agregado', 'Se agrego archivo con el nombre FO-TUT-03 y con extension .pdf por el usuario Enrique', '2019-03-08 00:27:46', '2019-03-08 00:27:46'),
(101, 'Archivo Agregado', 'Se agrego archivo con el nombre DR-FOA-01 y con extension .pdf por el usuario Enrique', '2019-03-08 00:29:26', '2019-03-08 00:29:26'),
(102, 'Archivo Agregado', 'Se agrego archivo con el nombre Fo-VPT-01 y con extension .pdf por el usuario Enrique', '2019-03-08 00:29:56', '2019-03-08 00:29:56'),
(103, 'Archivo Agregado', 'Se agrego archivo con el nombre MP-INS-01 y con extension .pdf por el usuario Enrique', '2019-03-08 00:31:18', '2019-03-08 00:31:18'),
(104, 'Archivo Agregado', 'Se agrego archivo con el nombre FO-INS-01 y con extension .pdf por el usuario Enrique', '2019-03-08 00:31:48', '2019-03-08 00:31:48'),
(105, 'Archivo Agregado', 'Se agrego archivo con el nombre FO-INS-02 y con extension .pdf por el usuario Enrique', '2019-03-08 00:32:15', '2019-03-08 00:32:15'),
(106, 'Archivo Agregado', 'Se agrego archivo con el nombre FO-INS-03 y con extension .pdf por el usuario Enrique', '2019-03-08 00:32:49', '2019-03-08 00:32:49'),
(107, 'Archivo Agregado', 'Se agrego archivo con el nombre FO-INS-04 y con extension .pdf por el usuario Enrique', '2019-03-08 00:33:37', '2019-03-08 00:33:37'),
(108, 'Archivo Agregado', 'Se agrego archivo con el nombre MP-REI-01 y con extension .pdf por el usuario Enrique', '2019-03-08 00:34:52', '2019-03-08 00:34:52'),
(109, 'Archivo Agregado', 'Se agrego archivo con el nombre FO-REI-01 y con extension .pdf por el usuario Enrique', '2019-03-08 00:35:24', '2019-03-08 00:35:24'),
(110, 'Archivo Agregado', 'Se agrego archivo con el nombre FO-INS-03 y con extension .pdf por el usuario Enrique', '2019-03-08 00:35:55', '2019-03-08 00:35:55'),
(111, 'Archivo Agregado', 'Se agrego archivo con el nombre FO-INS-04 y con extension .pdf por el usuario Enrique', '2019-03-08 00:36:42', '2019-03-08 00:36:42'),
(112, 'Archivo Agregado', 'Se agrego archivo con el nombre MP-ABS-01 y con extension .pdf por el usuario Enrique', '2019-03-08 00:52:34', '2019-03-08 00:52:34'),
(113, 'Archivo Agregado', 'Se agrego archivo con el nombre FO-ABS-01 y con extension .pdf por el usuario Enrique', '2019-03-08 00:53:13', '2019-03-08 00:53:13'),
(114, 'Archivo Agregado', 'Se agrego archivo con el nombre FO-ABS-02 y con extension .pdf por el usuario Enrique', '2019-03-08 00:53:33', '2019-03-08 00:53:33'),
(115, 'Archivo Agregado', 'Se agrego archivo con el nombre MP-REH-01 y con extension .pdf por el usuario Enrique', '2019-03-08 00:55:25', '2019-03-08 00:55:25'),
(116, 'Archivo Agregado', 'Se agrego archivo con el nombre FO-REH-01 y con extension .pdf por el usuario Enrique', '2019-03-08 00:55:57', '2019-03-08 00:55:57'),
(117, 'Archivo Agregado', 'Se agrego archivo con el nombre FO-REH-02 y con extension .pdf por el usuario Enrique', '2019-03-08 00:56:25', '2019-03-08 00:56:25'),
(118, 'Archivo Agregado', 'Se agrego archivo con el nombre MP-FOA-05 y con extension .pdf por el usuario Enrique', '2019-03-08 00:58:35', '2019-03-08 00:58:35'),
(119, 'Archivo Agregado', 'Se agrego archivo con el nombre FO-EST-05 y con extension .pdf por el usuario Enrique', '2019-03-08 01:05:52', '2019-03-08 01:05:52'),
(120, 'Archivo Agregado', 'Se agrego archivo con el nombre FO-EST-01 y con extension .pdf por el usuario Enrique', '2019-03-08 01:06:21', '2019-03-08 01:06:21'),
(121, 'Archivo Agregado', 'Se agrego archivo con el nombre FO-EST-02 y con extension .pdf por el usuario Enrique', '2019-03-08 01:06:50', '2019-03-08 01:06:50'),
(122, 'Archivo Agregado', 'Se agrego archivo con el nombre FO-EST-03 y con extension .pdf por el usuario Enrique', '2019-03-08 01:07:50', '2019-03-08 01:07:50'),
(123, 'Archivo Agregado', 'Se agrego archivo con el nombre FO-ESTR y con extension .pdf por el usuario Enrique', '2019-03-08 01:08:16', '2019-03-08 01:08:16'),
(124, 'Archivo Agregado', 'Se agrego archivo con el nombre FO-EST-04 y con extension .pdf por el usuario Enrique', '2019-03-08 01:10:29', '2019-03-08 01:10:29'),
(125, 'Archivo Agregado', 'Se agrego archivo con el nombre FO-EST-05 y con extension .pdf por el usuario Enrique', '2019-03-08 01:11:32', '2019-03-08 01:11:32'),
(126, 'Archivo Agregado', 'Se agrego archivo con el nombre FO-EST-06 y con extension .pdf por el usuario Enrique', '2019-03-08 01:14:24', '2019-03-08 01:14:24'),
(127, 'Archivo Agregado', 'Se agrego archivo con el nombre FO-EST-07 y con extension .pdf por el usuario Enrique', '2019-03-08 01:15:03', '2019-03-08 01:15:03'),
(128, 'Archivo Agregado', 'Se agrego archivo con el nombre FO-EST-08 y con extension .pdf por el usuario Enrique', '2019-03-08 01:15:38', '2019-03-08 01:15:38'),
(129, 'Archivo Agregado', 'Se agrego archivo con el nombre MP-FOA-04 y con extension .pdf por el usuario Enrique', '2019-03-08 01:17:37', '2019-03-08 01:17:37'),
(130, 'Archivo Agregado', 'Se agrego archivo con el nombre FO-EST-01 y con extension .pdf por el usuario Enrique', '2019-03-08 01:18:06', '2019-03-08 01:18:06'),
(131, 'Archivo Agregado', 'Se agrego archivo con el nombre FO-EST-02 y con extension .pdf por el usuario Enrique', '2019-03-08 01:19:51', '2019-03-08 01:19:51'),
(132, 'Archivo Agregado', 'Se agrego archivo con el nombre FO-EST-03 y con extension .pdf por el usuario Enrique', '2019-03-08 01:20:26', '2019-03-08 01:20:26'),
(133, 'Archivo Agregado', 'Se agrego archivo con el nombre FO-EST-04 y con extension .pdf por el usuario Enrique', '2019-03-08 01:21:29', '2019-03-08 01:21:29'),
(134, 'Archivo Agregado', 'Se agrego archivo con el nombre FO-EST-05 y con extension .pdf por el usuario Enrique', '2019-03-08 01:24:07', '2019-03-08 01:24:07'),
(135, 'Archivo Agregado', 'Se agrego archivo con el nombre FO-EST-06 y con extension .pdf por el usuario Enrique', '2019-03-08 01:24:39', '2019-03-08 01:24:39'),
(136, 'Archivo Agregado', 'Se agrego archivo con el nombre FO-EST-07 y con extension .pdf por el usuario Enrique', '2019-03-08 01:26:18', '2019-03-08 01:26:18'),
(137, 'Archivo Agregado', 'Se agrego archivo con el nombre FO-EST-08 y con extension .pdf por el usuario Enrique', '2019-03-08 01:26:55', '2019-03-08 01:26:55'),
(138, 'Archivo Agregado', 'Se agrego archivo con el nombre MP-FOA-03 y con extension .pdf por el usuario Enrique', '2019-03-08 01:28:44', '2019-03-08 01:28:44'),
(139, 'Archivo Agregado', 'Se agrego archivo con el nombre FO-VIG-01 y con extension .pdf por el usuario Enrique', '2019-03-08 01:31:15', '2019-03-08 01:31:15'),
(140, 'Archivo Agregado', 'Se agrego archivo con el nombre FO-VIG-02 y con extension .pdf por el usuario Enrique', '2019-03-08 01:34:00', '2019-03-08 01:34:00'),
(141, 'Archivo Agregado', 'Se agrego archivo con el nombre FO-VIG-03 y con extension .pdf por el usuario Enrique', '2019-03-08 01:34:23', '2019-03-08 01:34:23'),
(142, 'Archivo Agregado', 'Se agrego archivo con el nombre FO-VIG-04 y con extension .pdf por el usuario Enrique', '2019-03-08 01:34:51', '2019-03-08 01:34:51'),
(143, 'Subcategoria Eliminada', 'La Subcategoria  Sistema de Calidad fue eliminada por Usuario Enrique', '2019-03-08 01:36:21', '2019-03-08 01:36:21'),
(144, 'Archivo Agregado', 'Se agrego archivo con el nombre MP-REH-02 y con extension .pdf por el usuario Enrique', '2019-03-08 01:37:14', '2019-03-08 01:37:14'),
(145, 'Archivo Agregado', 'Se agrego archivo con el nombre FO-REH-03 y con extension .pdf por el usuario Enrique', '2019-03-08 01:37:56', '2019-03-08 01:37:56'),
(146, 'Archivo Agregado', 'Se agrego archivo con el nombre MP-ADA-01 y con extension .pdf por el usuario Enrique', '2019-03-08 01:39:12', '2019-03-08 01:39:12'),
(147, 'Archivo Agregado', 'Se agrego archivo con el nombre FO-ADA-01 y con extension .pdf por el usuario Enrique', '2019-03-08 01:39:38', '2019-03-08 01:39:38'),
(148, 'Archivo Agregado', 'Se agrego archivo con el nombre FO-ADA-02 y con extension .pdf por el usuario Enrique', '2019-03-08 01:40:15', '2019-03-08 01:40:15'),
(149, 'Archivo Agregado', 'Se agrego archivo con el nombre MP-ADA-02 y con extension .pdf por el usuario Enrique', '2019-03-08 02:07:40', '2019-03-08 02:07:40'),
(150, 'Archivo Agregado', 'Se agrego archivo con el nombre MP-ADA-02 y con extension .pdf por el usuario Enrique', '2019-03-08 02:12:02', '2019-03-08 02:12:02'),
(151, 'Archivo Agregado', 'Se agrego archivo con el nombre MA-SIG-01 y con extension .pdf por el usuario Enrique', '2019-03-08 02:12:31', '2019-03-08 02:12:31'),
(152, 'Archivo Agregado', 'Se agrego archivo con el nombre FO-ADA-03 y con extension .pdf por el usuario Enrique', '2019-03-08 02:13:35', '2019-03-08 02:13:35'),
(153, 'Archivo Agregado', 'Se agrego archivo con el nombre MP-ADA-03 y con extension .pdf por el usuario Enrique', '2019-03-08 02:15:02', '2019-03-08 02:15:02'),
(154, 'Archivo Agregado', 'Se agrego archivo con el nombre FO-ADA-06 y con extension .pdf por el usuario Enrique', '2019-03-08 02:15:31', '2019-03-08 02:15:31'),
(155, 'Archivo Agregado', 'Se agrego archivo con el nombre FO-MAM-02 y con extension .pdf por el usuario Enrique', '2019-03-08 02:17:24', '2019-03-08 02:17:24'),
(156, 'Archivo Agregado', 'Se agrego archivo con el nombre MP-ADA-04 y con extension .pdf por el usuario Enrique', '2019-03-08 02:51:58', '2019-03-08 02:51:58'),
(157, 'Archivo Agregado', 'Se agrego archivo con el nombre Fo-ADA-05 y con extension .pdf por el usuario Enrique', '2019-03-08 02:57:08', '2019-03-08 02:57:08'),
(158, 'Archivo Agregado', 'Se agrego archivo con el nombre FO-ADA-07 y con extension .pdf por el usuario Enrique', '2019-03-08 02:58:06', '2019-03-08 02:58:06'),
(159, 'Archivo Agregado', 'Se agrego archivo con el nombre MP-MAM-05 y con extension .pdf por el usuario Enrique', '2019-03-08 03:00:14', '2019-03-08 03:00:14'),
(160, 'Archivo Agregado', 'Se agrego archivo con el nombre FO-MAM-12 y con extension .pdf por el usuario Enrique', '2019-03-08 03:00:53', '2019-03-08 03:00:53'),
(161, 'Archivo Agregado', 'Se agrego archivo con el nombre FO-MAM-13 y con extension .pdf por el usuario Enrique', '2019-03-08 03:01:20', '2019-03-08 03:01:20'),
(162, 'Archivo Agregado', 'Se agrego archivo con el nombre FO-MAM-14 y con extension .pdf por el usuario Enrique', '2019-03-08 03:01:48', '2019-03-08 03:01:48'),
(163, 'Archivo Agregado', 'Se agrego archivo con el nombre FO-MAM-15 y con extension .pdf por el usuario Enrique', '2019-03-08 03:02:16', '2019-03-08 03:02:16'),
(164, 'Archivo Agregado', 'Se agrego archivo con el nombre DR-SIG-02 y con extension .pdf por el usuario Enrique', '2019-03-08 03:07:05', '2019-03-08 03:07:05'),
(165, 'Archivo Agregado', 'Se agrego archivo con el nombre DR-SIG-03 y con extension .pdf por el usuario Enrique', '2019-03-08 03:07:40', '2019-03-08 03:07:40'),
(166, 'Archivo Agregado', 'Se agrego archivo con el nombre DR-SIG-04 y con extension .pdf por el usuario Enrique', '2019-03-08 03:08:06', '2019-03-08 03:08:06'),
(167, 'Archivo Agregado', 'Se agrego archivo con el nombre DR-SIG-05 y con extension .pdf por el usuario Enrique', '2019-03-08 03:08:39', '2019-03-08 03:08:39'),
(168, 'Archivo Agregado', 'Se agrego archivo con el nombre MA-SIG-01 y con extension .pdf por el usuario Enrique', '2019-03-08 03:09:13', '2019-03-08 03:09:13'),
(169, 'Archivo Agregado', 'Se agrego archivo con el nombre MA-SIG-02 y con extension .pdf por el usuario Enrique', '2019-03-08 03:09:32', '2019-03-08 03:09:32'),
(170, 'Archivo Agregado', 'Se agrego archivo con el nombre MA-SIG-03 y con extension .pdf por el usuario Enrique', '2019-03-08 03:09:56', '2019-03-08 03:09:56'),
(171, 'Archivo Agregado', 'Se agrego archivo con el nombre MA-SIG-04 y con extension .pdf por el usuario Enrique', '2019-03-08 03:10:24', '2019-03-08 03:10:24'),
(172, 'Archivo Agregado', 'Se agrego archivo con el nombre PG-ADA-01 y con extension .pdf por el usuario Enrique', '2019-03-08 03:10:51', '2019-03-08 03:10:51'),
(173, 'Archivo Agregado', 'Se agrego archivo con el nombre PG-SIG-01 y con extension .pdf por el usuario Enrique', '2019-03-08 03:11:17', '2019-03-08 03:11:17'),
(174, 'Archivo Agregado', 'Se agrego archivo con el nombre PG-SIG-02 y con extension .pdf por el usuario Enrique', '2019-03-08 03:11:49', '2019-03-08 03:11:49'),
(175, 'Archivo Agregado', 'Se agrego archivo con el nombre PG-SIG-03 y con extension .pdf por el usuario Enrique', '2019-03-08 03:12:22', '2019-03-08 03:12:22'),
(176, 'Archivo Agregado', 'Se agrego archivo con el nombre PG-SIG-04 y con extension .pdf por el usuario Enrique', '2019-03-08 03:13:15', '2019-03-08 03:13:15'),
(177, 'Archivo Agregado', 'Se agrego archivo con el nombre PG-SIG-05 y con extension .pdf por el usuario Enrique', '2019-03-08 03:13:43', '2019-03-08 03:13:43'),
(178, 'Archivo Agregado', 'Se agrego archivo con el nombre PG-SIG-06 y con extension .pdf por el usuario Enrique', '2019-03-08 03:17:09', '2019-03-08 03:17:09'),
(179, 'Archivo Agregado', 'Se agrego archivo con el nombre PL-MAM-07 y con extension .pdf por el usuario Enrique', '2019-03-08 03:18:07', '2019-03-08 03:18:07'),
(180, 'Archivo Agregado', 'Se agrego archivo con el nombre mi-sig-01 y con extension .PDF por el usuario Enrique', '2019-03-08 08:26:34', '2019-03-08 08:26:34'),
(181, 'Archivo Agregado', 'Se agrego archivo con el nombre mi-sig-02 y con extension .PDF por el usuario Enrique', '2019-03-08 08:27:44', '2019-03-08 08:27:44'),
(182, 'Archivo Agregado', 'Se agrego archivo con el nombre DIG-SIG-01 y con extension .pdf por el usuario Guadalupe', '2020-02-14 07:06:20', '2020-02-14 07:06:20'),
(183, 'Archivo Agregado', 'Se agrego archivo con el nombre DR-SIG-01 y con extension .pdf por el usuario Guadalupe', '2020-02-14 07:09:00', '2020-02-14 07:09:00'),
(184, 'Archivo Agregado', 'Se agrego archivo con el nombre FO-ASD01 y con extension .pdf por el usuario Guadalupe', '2020-02-14 07:11:24', '2020-02-14 07:11:24'),
(185, 'Archivo Agregado', 'Se agrego archivo con el nombre FO-ASD-02 y con extension .pdf por el usuario Guadalupe', '2020-02-14 07:12:53', '2020-02-14 07:12:53'),
(186, 'Archivo Agregado', 'Se agrego archivo con el nombre FO-ASD-03 AMBIENTAL y con extension .pdf por el usuario Guadalupe', '2020-02-14 07:14:11', '2020-02-14 07:14:11'),
(187, 'Archivo Agregado', 'Se agrego archivo con el nombre FO-ASD-03 y con extension .pdf por el usuario Guadalupe', '2020-02-14 07:15:06', '2020-02-14 07:15:06'),
(188, 'Archivo Agregado', 'Se agrego archivo con el nombre POLITICA-MISIÓNY-VISION y con extension .pdf por el usuario Guadalupe', '2020-02-14 07:16:47', '2020-02-14 07:16:47'),
(189, 'Archivo Agregado', 'Se agrego archivo con el nombre fo-mam-07 y con extension .pdf por el usuario Guadalupe', '2020-02-15 06:23:22', '2020-02-15 06:23:22'),
(190, 'Archivo Agregado', 'Se agrego archivo con el nombre mp-mam-02 y con extension .pdf por el usuario Guadalupe', '2020-02-15 06:32:09', '2020-02-15 06:32:09'),
(191, 'Archivo Agregado', 'Se agrego archivo con el nombre fo-mam-07 y con extension .pdf por el usuario Guadalupe', '2020-02-15 06:35:19', '2020-02-15 06:35:19'),
(192, 'Archivo Agregado', 'Se agrego archivo con el nombre fo-mam-09 y con extension .pdf por el usuario Guadalupe', '2020-02-15 06:36:07', '2020-02-15 06:36:07'),
(193, 'Archivo Agregado', 'Se agrego archivo con el nombre fo-mam-01 y con extension .pdf por el usuario Guadalupe', '2020-02-15 06:42:45', '2020-02-15 06:42:45'),
(194, 'Archivo Agregado', 'Se agrego archivo con el nombre fo-mam-01 y con extension .pdf por el usuario Guadalupe', '2020-02-15 06:43:59', '2020-02-15 06:43:59'),
(195, 'Archivo Agregado', 'Se agrego archivo con el nombre fo-mam-03 y con extension .pdf por el usuario Guadalupe', '2020-02-15 06:45:20', '2020-02-15 06:45:20'),
(196, 'Archivo Agregado', 'Se agrego archivo con el nombre fo-mam-04 y con extension .pdf por el usuario Guadalupe', '2020-02-15 06:47:06', '2020-02-15 06:47:06'),
(197, 'Archivo Agregado', 'Se agrego archivo con el nombre fo-mam-05 y con extension .pdf por el usuario Guadalupe', '2020-02-15 06:48:05', '2020-02-15 06:48:05'),
(198, 'Archivo Agregado', 'Se agrego archivo con el nombre fo-mam-06 y con extension .pdf por el usuario Guadalupe', '2020-02-15 06:49:21', '2020-02-15 06:49:21'),
(199, 'Archivo Agregado', 'Se agrego archivo con el nombre fo-mam-07 y con extension .pdf por el usuario Guadalupe', '2020-02-15 06:51:11', '2020-02-15 06:51:11'),
(200, 'Archivo Agregado', 'Se agrego archivo con el nombre fo-mam-08 y con extension .pdf por el usuario Guadalupe', '2020-02-15 06:51:51', '2020-02-15 06:51:51'),
(201, 'Archivo Agregado', 'Se agrego archivo con el nombre mp-cie-01 y con extension .pdf por el usuario Guadalupe', '2020-02-15 07:15:45', '2020-02-15 07:15:45'),
(202, 'Archivo Agregado', 'Se agrego archivo con el nombre fo-cie-01 y con extension .pdf por el usuario Guadalupe', '2020-02-15 07:16:50', '2020-02-15 07:16:50'),
(203, 'Archivo Agregado', 'Se agrego archivo con el nombre fo-cie-02 y con extension .pdf por el usuario Guadalupe', '2020-02-15 07:17:34', '2020-02-15 07:17:34'),
(204, 'Archivo Agregado', 'Se agrego archivo con el nombre mp-asd-01 y con extension .pdf por el usuario Guadalupe', '2020-02-15 07:20:38', '2020-02-15 07:20:38'),
(205, 'Archivo Agregado', 'Se agrego archivo con el nombre fo-asd-01 y con extension .pdf por el usuario Guadalupe', '2020-02-15 07:30:01', '2020-02-15 07:30:01'),
(206, 'Archivo Agregado', 'Se agrego archivo con el nombre fo-asd-03 y con extension .pdf por el usuario Guadalupe', '2020-02-15 07:34:16', '2020-02-15 07:34:16'),
(207, 'Archivo Agregado', 'Se agrego archivo con el nombre mp-asd-02 y con extension .pdf por el usuario Guadalupe', '2020-02-15 07:35:24', '2020-02-15 07:35:24'),
(208, 'Archivo Agregado', 'Se agrego archivo con el nombre fo-asd-01 y con extension .pdf por el usuario Guadalupe', '2020-02-15 07:36:19', '2020-02-15 07:36:19'),
(209, 'Archivo Agregado', 'Se agrego archivo con el nombre fo-asd-02 y con extension .pdf por el usuario Guadalupe', '2020-02-15 07:37:12', '2020-02-15 07:37:12'),
(210, 'Archivo Agregado', 'Se agrego archivo con el nombre fo-asd-03 y con extension .pdf por el usuario Guadalupe', '2020-02-15 07:38:23', '2020-02-15 07:38:23'),
(211, 'Archivo Agregado', 'Se agrego archivo con el nombre mp-mam-06 y con extension .pdf por el usuario Guadalupe', '2020-02-15 07:39:53', '2020-02-15 07:39:53'),
(212, 'Archivo Agregado', 'Se agrego archivo con el nombre fo-mam-06 y con extension .pdf por el usuario Guadalupe', '2020-02-15 07:40:41', '2020-02-15 07:40:41'),
(213, 'Archivo Agregado', 'Se agrego archivo con el nombre mi-sig-02 y con extension .pdf por el usuario Guadalupe', '2020-02-15 07:42:22', '2020-02-15 07:42:22'),
(214, 'Subcategoria Edicion', 'Subcategoria Procedimientos Mutuos 9001 y 14001 editada por Guadalupe', '2020-02-15 07:44:18', '2020-02-15 07:44:18'),
(215, 'Archivo Agregado', 'Se agrego archivo con el nombre mp-foa-02 y con extension .pdf por el usuario Guadalupe', '2020-02-15 07:48:57', '2020-02-15 07:48:57'),
(216, 'Archivo Agregado', 'Se agrego archivo con el nombre fo-ase-01 y con extension .pdf por el usuario Guadalupe', '2020-02-15 07:51:25', '2020-02-15 07:51:25'),
(217, 'Archivo Agregado', 'Se agrego archivo con el nombre fo-ase-02 y con extension .pdf por el usuario Guadalupe', '2020-02-15 07:52:23', '2020-02-15 07:52:23'),
(218, 'Archivo Agregado', 'Se agrego archivo con el nombre fo-tut-01 y con extension .pdf por el usuario Guadalupe', '2020-02-15 08:00:08', '2020-02-15 08:00:08'),
(219, 'Archivo Agregado', 'Se agrego archivo con el nombre fo-tut-02 y con extension .pdf por el usuario Guadalupe', '2020-02-15 08:00:42', '2020-02-15 08:00:42'),
(220, 'Archivo Agregado', 'Se agrego archivo con el nombre fo-tut-03 y con extension .pdf por el usuario Guadalupe', '2020-02-15 08:01:18', '2020-02-15 08:01:18'),
(221, 'Archivo Agregado', 'Se agrego archivo con el nombre dr-foa-01 y con extension .pdf por el usuario Guadalupe', '2020-02-15 08:03:19', '2020-02-15 08:03:19'),
(222, 'Archivo Agregado', 'Se agrego archivo con el nombre fo-vpt-01 y con extension .pdf por el usuario Guadalupe', '2020-02-15 08:04:17', '2020-02-15 08:04:17'),
(223, 'Archivo Agregado', 'Se agrego archivo con el nombre fo-ins-01 y con extension .pdf por el usuario Guadalupe', '2020-02-15 08:07:10', '2020-02-15 08:07:10'),
(224, 'Archivo Agregado', 'Se agrego archivo con el nombre fo-ins-02 y con extension .pdf por el usuario Guadalupe', '2020-02-15 08:08:05', '2020-02-15 08:08:05'),
(225, 'Archivo Agregado', 'Se agrego archivo con el nombre fo-ins-03 y con extension .pdf por el usuario Guadalupe', '2020-02-15 08:20:36', '2020-02-15 08:20:36'),
(226, 'Archivo Agregado', 'Se agrego archivo con el nombre fo-ins-04 y con extension .pdf por el usuario Guadalupe', '2020-02-15 08:21:27', '2020-02-15 08:21:27'),
(227, 'Archivo Agregado', 'Se agrego archivo con el nombre mp-abs-01 y con extension .pdf por el usuario Guadalupe', '2020-02-15 08:22:57', '2020-02-15 08:22:57'),
(228, 'Archivo Agregado', 'Se agrego archivo con el nombre mp-rei-01 y con extension .pdf por el usuario Guadalupe', '2020-02-15 08:24:34', '2020-02-15 08:24:34'),
(229, 'Archivo Agregado', 'Se agrego archivo con el nombre fo-rei-01 y con extension .pdf por el usuario Guadalupe', '2020-02-15 08:26:13', '2020-02-15 08:26:13'),
(230, 'Archivo Agregado', 'Se agrego archivo con el nombre fo-ins-03 y con extension .pdf por el usuario Guadalupe', '2020-02-15 08:29:55', '2020-02-15 08:29:55'),
(231, 'Archivo Agregado', 'Se agrego archivo con el nombre fo-ins-04 y con extension .pdf por el usuario Guadalupe', '2020-02-15 08:30:52', '2020-02-15 08:30:52'),
(232, 'Archivo Agregado', 'Se agrego archivo con el nombre mp-abs-01 y con extension .pdf por el usuario Guadalupe', '2020-02-15 08:32:49', '2020-02-15 08:32:49'),
(233, 'Archivo Agregado', 'Se agrego archivo con el nombre fo-abs-01 y con extension .pdf por el usuario Guadalupe', '2020-02-15 08:34:07', '2020-02-15 08:34:07'),
(234, 'Archivo Agregado', 'Se agrego archivo con el nombre fo-abs-02 y con extension .pdf por el usuario Guadalupe', '2020-02-15 08:35:14', '2020-02-15 08:35:14'),
(235, 'Archivo Agregado', 'Se agrego archivo con el nombre mp-reh-01 y con extension .pdf por el usuario Guadalupe', '2020-02-15 08:38:09', '2020-02-15 08:38:09'),
(236, 'Archivo Agregado', 'Se agrego archivo con el nombre fo-reh-01 y con extension .pdf por el usuario Guadalupe', '2020-02-15 08:39:41', '2020-02-15 08:39:41'),
(237, 'Archivo Agregado', 'Se agrego archivo con el nombre fo-reh-02 y con extension .pdf por el usuario Guadalupe', '2020-02-15 08:40:49', '2020-02-15 08:40:49'),
(238, 'Archivo Agregado', 'Se agrego archivo con el nombre fo-est-01 y con extension .pdf por el usuario Guadalupe', '2020-02-15 22:12:07', '2020-02-15 22:12:07'),
(239, 'Archivo Agregado', 'Se agrego archivo con el nombre fo-est-02 y con extension .pdf por el usuario Guadalupe', '2020-02-15 22:13:49', '2020-02-15 22:13:49'),
(240, 'Archivo Agregado', 'Se agrego archivo con el nombre fo-est-03 y con extension .pdf por el usuario Guadalupe', '2020-02-15 22:15:36', '2020-02-15 22:15:36'),
(241, 'Archivo Agregado', 'Se agrego archivo con el nombre fo-est-04 y con extension .pdf por el usuario Guadalupe', '2020-02-15 22:17:24', '2020-02-15 22:17:24'),
(242, 'Archivo Agregado', 'Se agrego archivo con el nombre fo-est-05 y con extension .pdf por el usuario Guadalupe', '2020-02-15 22:18:10', '2020-02-15 22:18:10'),
(243, 'Archivo Agregado', 'Se agrego archivo con el nombre fo-est-06 y con extension .pdf por el usuario Guadalupe', '2020-02-15 22:19:05', '2020-02-15 22:19:05'),
(244, 'Archivo Agregado', 'Se agrego archivo con el nombre fo-est-07 y con extension .pdf por el usuario Guadalupe', '2020-02-15 22:21:28', '2020-02-15 22:21:28'),
(245, 'Archivo Agregado', 'Se agrego archivo con el nombre fo-est-08 y con extension .pdf por el usuario Guadalupe', '2020-02-15 22:24:28', '2020-02-15 22:24:28'),
(246, 'Archivo Agregado', 'Se agrego archivo con el nombre fo-est-01 y con extension .pdf por el usuario Guadalupe', '2020-02-15 22:29:43', '2020-02-15 22:29:43'),
(247, 'Archivo Agregado', 'Se agrego archivo con el nombre fo-est-02 y con extension .pdf por el usuario Guadalupe', '2020-02-15 22:30:11', '2020-02-15 22:30:11'),
(248, 'Archivo Agregado', 'Se agrego archivo con el nombre fo-est-03 y con extension .pdf por el usuario Guadalupe', '2020-02-15 22:31:13', '2020-02-15 22:31:13'),
(249, 'Archivo Agregado', 'Se agrego archivo con el nombre fo-est-04 y con extension .pdf por el usuario Guadalupe', '2020-02-15 22:31:44', '2020-02-15 22:31:44'),
(250, 'Archivo Agregado', 'Se agrego archivo con el nombre fo-est-05 y con extension .pdf por el usuario Guadalupe', '2020-02-15 22:34:17', '2020-02-15 22:34:17'),
(251, 'Archivo Agregado', 'Se agrego archivo con el nombre fo-est-06 y con extension .pdf por el usuario Guadalupe', '2020-02-15 22:35:00', '2020-02-15 22:35:00'),
(252, 'Archivo Agregado', 'Se agrego archivo con el nombre fo-est-07 y con extension .pdf por el usuario Guadalupe', '2020-02-15 22:35:45', '2020-02-15 22:35:45'),
(253, 'Archivo Agregado', 'Se agrego archivo con el nombre fo-est-08 y con extension .pdf por el usuario Guadalupe', '2020-02-15 22:36:15', '2020-02-15 22:36:15'),
(254, 'Archivo Agregado', 'Se agrego archivo con el nombre mp-foa-03 y con extension .pdf por el usuario Guadalupe', '2020-02-15 22:38:46', '2020-02-15 22:38:46'),
(255, 'Archivo Agregado', 'Se agrego archivo con el nombre fo-vig-01 y con extension .pdf por el usuario Guadalupe', '2020-02-15 22:40:29', '2020-02-15 22:40:29'),
(256, 'Archivo Agregado', 'Se agrego archivo con el nombre fo-vig-02 y con extension .pdf por el usuario Guadalupe', '2020-02-15 22:41:00', '2020-02-15 22:41:00'),
(257, 'Archivo Agregado', 'Se agrego archivo con el nombre fo-vig-03 y con extension .pdf por el usuario Guadalupe', '2020-02-15 22:41:33', '2020-02-15 22:41:33'),
(258, 'Archivo Agregado', 'Se agrego archivo con el nombre fo-vig-04 y con extension .pdf por el usuario Guadalupe', '2020-02-15 22:41:58', '2020-02-15 22:41:58'),
(259, 'Archivo Agregado', 'Se agrego archivo con el nombre mp-reh-02 y con extension .pdf por el usuario Guadalupe', '2020-02-15 22:44:16', '2020-02-15 22:44:16'),
(260, 'Archivo Agregado', 'Se agrego archivo con el nombre fo-reh-03 y con extension .pdf por el usuario Guadalupe', '2020-02-15 22:45:05', '2020-02-15 22:45:05'),
(261, 'Archivo Agregado', 'Se agrego archivo con el nombre mp-ada-01 y con extension .pdf por el usuario Guadalupe', '2020-02-15 22:48:06', '2020-02-15 22:48:06'),
(262, 'Archivo Agregado', 'Se agrego archivo con el nombre fo-ada-01 y con extension .pdf por el usuario Guadalupe', '2020-02-15 22:49:15', '2020-02-15 22:49:15'),
(263, 'Archivo Agregado', 'Se agrego archivo con el nombre fo-ada-02 y con extension .pdf por el usuario Guadalupe', '2020-02-15 22:49:46', '2020-02-15 22:49:46'),
(264, 'Archivo Agregado', 'Se agrego archivo con el nombre mp-ada-02 y con extension .pdf por el usuario Guadalupe', '2020-02-15 22:50:50', '2020-02-15 22:50:50'),
(265, 'Archivo Agregado', 'Se agrego archivo con el nombre ma-sig-01 y con extension .pdf por el usuario Guadalupe', '2020-02-15 22:53:49', '2020-02-15 22:53:49'),
(266, 'Archivo Agregado', 'Se agrego archivo con el nombre fo-ada-03 y con extension .pdf por el usuario Guadalupe', '2020-02-15 22:54:31', '2020-02-15 22:54:31'),
(267, 'Archivo Agregado', 'Se agrego archivo con el nombre mp-ada-03 y con extension .pdf por el usuario Guadalupe', '2020-02-15 22:56:59', '2020-02-15 22:56:59'),
(268, 'Archivo Agregado', 'Se agrego archivo con el nombre fo-ada-06 y con extension .pdf por el usuario Guadalupe', '2020-02-15 22:59:31', '2020-02-15 22:59:31'),
(269, 'Archivo Agregado', 'Se agrego archivo con el nombre fo-mam-02 y con extension .pdf por el usuario Guadalupe', '2020-02-15 23:00:20', '2020-02-15 23:00:20'),
(270, 'Archivo Agregado', 'Se agrego archivo con el nombre mp-ada-04 y con extension .pdf por el usuario Guadalupe', '2020-02-15 23:01:55', '2020-02-15 23:01:55'),
(271, 'Archivo Agregado', 'Se agrego archivo con el nombre fo-ada-05 y con extension .pdf por el usuario Guadalupe', '2020-02-15 23:03:45', '2020-02-15 23:03:45'),
(272, 'Archivo Agregado', 'Se agrego archivo con el nombre fo-ada-07 y con extension .pdf por el usuario Guadalupe', '2020-02-15 23:04:33', '2020-02-15 23:04:33'),
(273, 'Archivo Agregado', 'Se agrego archivo con el nombre mp-mam-05 y con extension .pdf por el usuario Guadalupe', '2020-02-15 23:07:20', '2020-02-15 23:07:20'),
(274, 'Archivo Agregado', 'Se agrego archivo con el nombre fo-mam-12 y con extension .pdf por el usuario Guadalupe', '2020-02-15 23:09:50', '2020-02-15 23:09:50'),
(275, 'Archivo Agregado', 'Se agrego archivo con el nombre fo-mam-13 y con extension .pdf por el usuario Guadalupe', '2020-02-15 23:10:31', '2020-02-15 23:10:31'),
(276, 'Archivo Agregado', 'Se agrego archivo con el nombre fo-mam-14 y con extension .pdf por el usuario Guadalupe', '2020-02-15 23:11:33', '2020-02-15 23:11:33'),
(277, 'Archivo Agregado', 'Se agrego archivo con el nombre fo-mam-15 y con extension .pdf por el usuario Guadalupe', '2020-02-15 23:13:04', '2020-02-15 23:13:04'),
(278, 'Archivo Agregado', 'Se agrego archivo con el nombre dr-sig-02 y con extension .pdf por el usuario Guadalupe', '2020-02-16 00:03:54', '2020-02-16 00:03:54'),
(279, 'Archivo Agregado', 'Se agrego archivo con el nombre dr-sig-03 y con extension .pdf por el usuario Guadalupe', '2020-02-16 00:05:11', '2020-02-16 00:05:11'),
(280, 'Archivo Agregado', 'Se agrego archivo con el nombre dr-sig-05 y con extension .pdf por el usuario Guadalupe', '2020-02-16 00:06:09', '2020-02-16 00:06:09'),
(281, 'Archivo Agregado', 'Se agrego archivo con el nombre ma-sig-01 y con extension .pdf por el usuario Guadalupe', '2020-02-16 00:07:04', '2020-02-16 00:07:04'),
(282, 'Archivo Agregado', 'Se agrego archivo con el nombre ma-sig-02 y con extension .pdf por el usuario Guadalupe', '2020-02-16 00:08:03', '2020-02-16 00:08:03'),
(283, 'Archivo Agregado', 'Se agrego archivo con el nombre ma-sig-03 y con extension .pdf por el usuario Guadalupe', '2020-02-16 00:09:02', '2020-02-16 00:09:02'),
(284, 'Archivo Agregado', 'Se agrego archivo con el nombre ma-sig-04 y con extension .pdf por el usuario Guadalupe', '2020-02-16 00:09:52', '2020-02-16 00:09:52'),
(285, 'Archivo Agregado', 'Se agrego archivo con el nombre pg-sig-01 y con extension .pdf por el usuario Guadalupe', '2020-02-16 00:11:21', '2020-02-16 00:11:21'),
(286, 'Archivo Agregado', 'Se agrego archivo con el nombre pg-sig-02 y con extension .pdf por el usuario Guadalupe', '2020-02-16 00:12:06', '2020-02-16 00:12:06'),
(287, 'Archivo Agregado', 'Se agrego archivo con el nombre pg-sig-03 y con extension .pdf por el usuario Guadalupe', '2020-02-16 00:13:27', '2020-02-16 00:13:27'),
(288, 'Archivo Agregado', 'Se agrego archivo con el nombre pg-sig-04 y con extension .pdf por el usuario Guadalupe', '2020-02-16 00:14:07', '2020-02-16 00:14:07'),
(289, 'Archivo Agregado', 'Se agrego archivo con el nombre pg-sig-05 y con extension .pdf por el usuario Guadalupe', '2020-02-16 00:14:50', '2020-02-16 00:14:50'),
(290, 'Archivo Agregado', 'Se agrego archivo con el nombre pg-sig-06 y con extension .pdf por el usuario Guadalupe', '2020-02-16 00:15:37', '2020-02-16 00:15:37'),
(291, 'Archivo Agregado', 'Se agrego archivo con el nombre pl-mam-07 y con extension .pdf por el usuario Guadalupe', '2020-02-16 00:16:29', '2020-02-16 00:16:29'),
(292, 'Archivo Agregado', 'Se agrego archivo con el nombre fo-mam-06 requisitado y con extension .pdf por el usuario Guadalupe', '2020-02-16 06:24:06', '2020-02-16 06:24:06'),
(293, 'Archivo Agregado', 'Se agrego archivo con el nombre fo-mam-06 requisitado y con extension .pdf por el usuario Guadalupe', '2020-02-16 06:25:00', '2020-02-16 06:25:00'),
(294, 'Archivo Agregado', 'Se agrego archivo con el nombre MP-REI-01 y con extension .pdf por el usuario Guadalupe', '2020-02-21 03:08:31', '2020-02-21 03:08:31'),
(295, 'Archivo Agregado', 'Se agrego archivo con el nombre MP-REI-01 y con extension .pdf por el usuario Guadalupe', '2020-02-21 03:09:42', '2020-02-21 03:09:42'),
(296, 'Archivo Agregado', 'Se agrego archivo con el nombre MP-REI-01 y con extension .pdf por el usuario Guadalupe', '2020-02-21 03:16:44', '2020-02-21 03:16:44'),
(297, 'Archivo movido a carpeta', 'Archivo  MP-REI-01 movido a Obsoletos por Usuario Guadalupe', '2020-02-21 03:19:08', '2020-02-21 03:19:08'),
(298, 'Archivo Agregado', 'Se agrego archivo con el nombre PM-REI-01 y con extension .pdf por el usuario Guadalupe', '2020-02-21 03:20:29', '2020-02-21 03:20:29'),
(299, 'Archivo movido a carpeta', 'Archivo  DIIP-SIG-01 movido a Obsoletos por Usuario Tec. María Guadalupe', '2020-12-15 01:39:10', '2020-12-15 01:39:10'),
(300, 'Archivo movido a carpeta', 'Archivo  mp-foa-02 movido a Obsoletos por Usuario Tec. María Guadalupe', '2020-12-15 06:09:53', '2020-12-15 06:09:53'),
(301, 'Archivo Agregado', 'Se agrego archivo con el nombre MP-PED-02 MANUAL DE PROCEDIMIENTOS DE ASESORIAS y con extension .pdf por el usuario Tec. María Guadalupe', '2020-12-15 06:12:53', '2020-12-15 06:12:53'),
(302, 'Archivo Agregado', 'Se agrego archivo con el nombre FO-ASE-01 REGISTRO DE ASESORIA y con extension .pdf por el usuario Tec. María Guadalupe', '2020-12-15 06:16:59', '2020-12-15 06:16:59'),
(303, 'Archivo Agregado', 'Se agrego archivo con el nombre FO-ASE-02 ENCUESTA DE SATISFACCIÓN DE ASESORIA y con extension .pdf por el usuario Tec. María Guadalupe', '2020-12-15 06:19:15', '2020-12-15 06:19:15'),
(304, 'Archivo Agregado', 'Se agrego archivo con el nombre FO-ASD-01 REGISTRO DE ASESORÍA y con extension .pdf por el usuario Tec. María Guadalupe', '2020-12-15 06:21:05', '2020-12-15 06:21:05'),
(305, 'Archivo Agregado', 'Se agrego archivo con el nombre FO-ASE-02 ENCUESTA DE SATISFACCIÓN DE ASESORIA y con extension .pdf por el usuario Tec. María Guadalupe', '2020-12-15 06:21:51', '2020-12-15 06:21:51'),
(306, 'Archivo movido a carpeta', 'Archivo  fo-ase-02 movido a Obsoletos por Usuario Tec. María Guadalupe', '2020-12-15 06:22:13', '2020-12-15 06:22:13'),
(307, 'Archivo movido a carpeta', 'Archivo  fo-ase-01 movido a Obsoletos por Usuario Tec. María Guadalupe', '2020-12-15 06:22:23', '2020-12-15 06:22:23'),
(308, 'Archivo Agregado', 'Se agrego archivo con el nombre FO-TIR-01 TABLA DE IDENTIFICACIÓN DE RIESGOS DE ASESORIAS y con extension .pdf por el usuario Tec. María Guadalupe', '2020-12-15 06:23:50', '2020-12-15 06:23:50'),
(309, 'Archivo Agregado', 'Se agrego archivo con el nombre MP-PED-01 MANUAL DE PROCEDIMIENTOS DE TUTORÍAS y con extension .pdf por el usuario Tec. María Guadalupe', '2020-12-15 06:26:05', '2020-12-15 06:26:05'),
(310, 'Archivo movido a carpeta', 'Archivo  MP-FOA-01 movido a Obsoletos por Usuario Tec. María Guadalupe', '2020-12-15 06:26:21', '2020-12-15 06:26:21'),
(311, 'Archivo Agregado', 'Se agrego archivo con el nombre FO-TUT-01 REGISTRO DE TUTORÍA  INDIVIDUAL y con extension .pdf por el usuario Tec. María Guadalupe', '2020-12-15 06:27:38', '2020-12-15 06:27:38'),
(312, 'Archivo Agregado', 'Se agrego archivo con el nombre FO-TUT-02 REGISTRO DE TUTORÍA GRUPAL y con extension .pdf por el usuario Tec. María Guadalupe', '2020-12-15 06:28:34', '2020-12-15 06:28:34');
INSERT INTO `movimiento_usuario` (`id`, `movimiento`, `informe`, `created_at`, `updated_at`) VALUES
(313, 'Archivo Agregado', 'Se agrego archivo con el nombre FO-TUT-03 BITÁCORA DE CIERRE DE CUATRIMESTRE DE TUTORÍAS y con extension .pdf por el usuario Tec. María Guadalupe', '2020-12-15 06:29:31', '2020-12-15 06:29:31'),
(314, 'Archivo Agregado', 'Se agrego archivo con el nombre FO-TIR-01 TABLA DE IDENTIFICACIÓN DE RIESGOS DE TUTORÍAS y con extension .pdf por el usuario Tec. María Guadalupe', '2020-12-15 06:30:18', '2020-12-15 06:30:18'),
(315, 'Archivo movido a carpeta', 'Archivo  fo-tut-01 movido a Obsoletos por Usuario Tec. María Guadalupe', '2020-12-15 06:31:13', '2020-12-15 06:31:13'),
(316, 'Archivo movido a carpeta', 'Archivo  fo-tut-02 movido a Obsoletos por Usuario Tec. María Guadalupe', '2020-12-15 06:31:22', '2020-12-15 06:31:22'),
(317, 'Archivo movido a carpeta', 'Archivo  fo-tut-03 movido a Obsoletos por Usuario Tec. María Guadalupe', '2020-12-15 06:31:32', '2020-12-15 06:31:32'),
(318, 'Archivo Agregado', 'Se agrego archivo con el nombre DR-PED-01 CRITERIOS DE SELECCIÓN,ASIGNACIÓN Y VALIDACIÓN y con extension .pdf por el usuario Tec. María Guadalupe', '2020-12-15 06:33:37', '2020-12-15 06:33:37'),
(319, 'Archivo Agregado', 'Se agrego archivo con el nombre FO-VPT-01 VALIDACUIÓN DEL PERFIL DEL TUTOR y con extension .pdf por el usuario Tec. María Guadalupe', '2020-12-15 06:34:25', '2020-12-15 06:34:25'),
(320, 'Archivo movido a carpeta', 'Archivo  fo-vpt-01 movido a Obsoletos por Usuario Tec. María Guadalupe', '2020-12-15 06:34:45', '2020-12-15 06:34:45'),
(321, 'Archivo movido a carpeta', 'Archivo  dr-foa-01 movido a Obsoletos por Usuario Tec. María Guadalupe', '2020-12-15 06:35:03', '2020-12-15 06:35:03'),
(322, 'Archivo Agregado', 'Se agrego archivo con el nombre FO-VPT-01 VALIDACIÓN DEL PERFIL DEL TUTOR y con extension .pdf por el usuario Tec. María Guadalupe', '2020-12-15 06:44:51', '2020-12-15 06:44:51'),
(323, 'Archivo Agregado', 'Se agrego archivo con el nombre MP-INS-01 MANUAL DE PROCEDIMIENTOS INSCRIPCIÓN y con extension .pdf por el usuario Tec. María Guadalupe', '2020-12-15 06:45:44', '2020-12-15 06:45:44'),
(324, 'Archivo movido a carpeta', 'Archivo  MP-INS-01 movido a Obsoletos por Usuario Tec. María Guadalupe', '2020-12-15 06:45:56', '2020-12-15 06:45:56'),
(325, 'Archivo Agregado', 'Se agrego archivo con el nombre FO-INS-02 FICHA DE INSCRIPCIÓN y con extension .pdf por el usuario Tec. María Guadalupe', '2020-12-15 06:46:58', '2020-12-15 06:46:58'),
(326, 'Archivo Agregado', 'Se agrego archivo con el nombre FO-INS-04 ENCUESTA DE SATISFACCIÓN DE CLIENTE y con extension .pdf por el usuario Tec. María Guadalupe', '2020-12-15 06:47:35', '2020-12-15 06:47:35'),
(327, 'Archivo Agregado', 'Se agrego archivo con el nombre FO-TIR-01 TABLA DE IDENTIFICACIÓN DE RIESGOS DE INSCRIPCIÓN y con extension .pdf por el usuario Tec. María Guadalupe', '2020-12-15 06:48:10', '2020-12-15 06:48:10'),
(328, 'Archivo movido a carpeta', 'Archivo  fo-ins-01 movido a Obsoletos por Usuario Tec. María Guadalupe', '2020-12-15 06:48:24', '2020-12-15 06:48:24'),
(329, 'Archivo movido a carpeta', 'Archivo  fo-ins-02 movido a Obsoletos por Usuario Tec. María Guadalupe', '2020-12-15 06:48:36', '2020-12-15 06:48:36'),
(330, 'Archivo movido a carpeta', 'Archivo  fo-ins-03 movido a Obsoletos por Usuario Tec. María Guadalupe', '2020-12-15 06:48:49', '2020-12-15 06:48:49'),
(331, 'Archivo movido a carpeta', 'Archivo  fo-ins-04 movido a Obsoletos por Usuario Tec. María Guadalupe', '2020-12-15 06:49:03', '2020-12-15 06:49:03'),
(332, 'Archivo Agregado', 'Se agrego archivo con el nombre MP-REI-01 MANUAL DE PROCEDIMIENTOS REINSCRIPCIÓN y con extension .pdf por el usuario Tec. María Guadalupe', '2020-12-15 06:49:52', '2020-12-15 06:49:52'),
(333, 'Archivo Agregado', 'Se agrego archivo con el nombre DPINS-SIG-01 PROCESO DE INSCRIPCIÓN y con extension .pdf por el usuario Tec. María Guadalupe', '2020-12-15 06:50:38', '2020-12-15 06:50:38'),
(334, 'Archivo movido a carpeta', 'Archivo  PM-REI-01 movido a Obsoletos por Usuario Tec. María Guadalupe', '2020-12-15 06:50:56', '2020-12-15 06:50:56'),
(335, 'Archivo Agregado', 'Se agrego archivo con el nombre DPREI-SIG-01 PROCESO DE REINSCRIPCIÓN y con extension .pdf por el usuario Tec. María Guadalupe', '2020-12-15 06:51:32', '2020-12-15 06:51:32'),
(336, 'Archivo Agregado', 'Se agrego archivo con el nombre FO-REI-01 FICHA DE REINSCRIPCIÓN y con extension .pdf por el usuario Tec. María Guadalupe', '2020-12-15 06:52:42', '2020-12-15 06:52:42'),
(337, 'Archivo Agregado', 'Se agrego archivo con el nombre FO-INS-04 ENCUESTA DE SATISFACCIÓN DEL CLIENTE y con extension .pdf por el usuario Tec. María Guadalupe', '2020-12-15 06:53:40', '2020-12-15 06:53:40'),
(338, 'Archivo Agregado', 'Se agrego archivo con el nombre FO-TIR-01 TABLA DE IDENTIFICACIÓN DE RIESGOS DE REINSCRIPCIÓN y con extension .pdf por el usuario Tec. María Guadalupe', '2020-12-15 06:54:23', '2020-12-15 06:54:23'),
(339, 'Archivo movido a carpeta', 'Archivo  fo-rei-01 movido a Obsoletos por Usuario Tec. María Guadalupe', '2020-12-15 06:54:36', '2020-12-15 06:54:36'),
(340, 'Archivo movido a carpeta', 'Archivo  fo-ins-03 movido a Obsoletos por Usuario Tec. María Guadalupe', '2020-12-15 06:54:46', '2020-12-15 06:54:46'),
(341, 'Archivo movido a carpeta', 'Archivo  fo-ins-04 movido a Obsoletos por Usuario Tec. María Guadalupe', '2020-12-15 06:54:56', '2020-12-15 06:54:56'),
(342, 'Archivo Agregado', 'Se agrego archivo con el nombre MP-ABS-01 MANUAL DE PROCEDIMIENTOS DE ADQUSICIÓN DE BIENES Y SERVICIOS y con extension .pdf por el usuario Tec. María Guadalupe', '2020-12-15 06:57:15', '2020-12-15 06:57:15'),
(343, 'Archivo Agregado', 'Se agrego archivo con el nombre FO-ABS-01 REQUISICIÓN DE COMPRA DE MATERIALES Y O CONTRATACIÓN DE SERVICIOS y con extension .pdf por el usuario Tec. María Guadalupe', '2020-12-15 06:58:57', '2020-12-15 06:58:57'),
(344, 'Archivo Agregado', 'Se agrego archivo con el nombre FO-ABS-02 FORMATO PARA EVALUACION DE PROVEEDORES y con extension .pdf por el usuario Tec. María Guadalupe', '2020-12-15 06:59:41', '2020-12-15 06:59:41'),
(345, 'Archivo Agregado', 'Se agrego archivo con el nombre FO-TIR-01 TIR DE ADQUISICIÓN DE BIENES Y SERVICIOS y con extension .pdf por el usuario Tec. María Guadalupe', '2020-12-15 07:00:12', '2020-12-15 07:00:12'),
(346, 'Archivo movido a carpeta', 'Archivo  mp-abs-01 movido a Obsoletos por Usuario Tec. María Guadalupe', '2020-12-15 07:00:22', '2020-12-15 07:00:22'),
(347, 'Archivo movido a carpeta', 'Archivo  fo-abs-02 movido a Obsoletos por Usuario Tec. María Guadalupe', '2020-12-15 07:00:55', '2020-12-15 07:00:55'),
(348, 'Archivo movido a carpeta', 'Archivo  fo-abs-02 movido a Obsoletos por Usuario Tec. María Guadalupe', '2020-12-15 07:00:55', '2020-12-15 07:00:55'),
(349, 'Archivo movido a carpeta', 'Archivo  fo-abs-02 movido a Obsoletos por Usuario Tec. María Guadalupe', '2020-12-15 07:00:55', '2020-12-15 07:00:55'),
(350, 'Archivo movido a carpeta', 'Archivo  fo-abs-01 movido a Obsoletos por Usuario Tec. María Guadalupe', '2020-12-15 07:01:09', '2020-12-15 07:01:09'),
(351, 'Archivo movido a carpeta', 'Archivo  mp-reh-01 movido a Obsoletos por Usuario Tec. María Guadalupe', '2020-12-15 07:04:10', '2020-12-15 07:04:10'),
(352, 'Archivo movido a carpeta', 'Archivo  fo-reh-01 movido a Obsoletos por Usuario Tec. María Guadalupe', '2020-12-15 07:04:23', '2020-12-15 07:04:23'),
(353, 'Archivo movido a carpeta', 'Archivo  fo-reh-02 movido a Obsoletos por Usuario Tec. María Guadalupe', '2020-12-15 07:05:11', '2020-12-15 07:05:11'),
(354, 'Subcategoria Eliminada', 'La Subcategoria  Contratación de Personal fue eliminada por Usuario Tec. María Guadalupe', '2020-12-15 07:05:40', '2020-12-15 07:05:40'),
(355, 'Subcategoria Edicion', 'Subcategoria Estadía editada por Tec. María Guadalupe', '2020-12-15 07:06:35', '2020-12-15 07:06:35'),
(356, 'Archivo movido a carpeta', 'Archivo  MP-FOA-04 movido a Obsoletos por Usuario Tec. María Guadalupe', '2020-12-15 07:07:06', '2020-12-15 07:07:06'),
(357, 'Archivo movido a carpeta', 'Archivo  fo-est-01 movido a Obsoletos por Usuario Tec. María Guadalupe', '2020-12-15 07:07:18', '2020-12-15 07:07:18'),
(358, 'Archivo movido a carpeta', 'Archivo  fo-est-02 movido a Obsoletos por Usuario Tec. María Guadalupe', '2020-12-15 07:07:33', '2020-12-15 07:07:33'),
(359, 'Archivo movido a carpeta', 'Archivo  fo-est-03 movido a Obsoletos por Usuario Tec. María Guadalupe', '2020-12-15 07:07:46', '2020-12-15 07:07:46'),
(360, 'Archivo movido a carpeta', 'Archivo  fo-est-04 movido a Obsoletos por Usuario Tec. María Guadalupe', '2020-12-15 07:08:02', '2020-12-15 07:08:02'),
(361, 'Archivo movido a carpeta', 'Archivo  fo-est-05 movido a Obsoletos por Usuario Tec. María Guadalupe', '2020-12-15 07:08:14', '2020-12-15 07:08:14'),
(362, 'Archivo movido a carpeta', 'Archivo  fo-est-06 movido a Obsoletos por Usuario Tec. María Guadalupe', '2020-12-15 07:08:34', '2020-12-15 07:08:34'),
(363, 'Archivo movido a carpeta', 'Archivo  fo-est-07 movido a Obsoletos por Usuario Tec. María Guadalupe', '2020-12-15 07:08:45', '2020-12-15 07:08:45'),
(364, 'Archivo movido a carpeta', 'Archivo  fo-est-08 movido a Obsoletos por Usuario Tec. María Guadalupe', '2020-12-15 07:08:54', '2020-12-15 07:08:54'),
(365, 'Subcategoria Eliminada', 'La Subcategoria  Estancias fue eliminada por Usuario Tec. María Guadalupe', '2020-12-15 07:09:04', '2020-12-15 07:09:04'),
(366, 'Archivo Agregado', 'Se agrego archivo con el nombre MP-PED-04 MANUAL DE PROCEDIMIENTOS ESTANCIAS Y ESTADÍA y con extension .pdf por el usuario Tec. María Guadalupe', '2020-12-15 07:10:44', '2020-12-15 07:10:44'),
(367, 'Archivo movido a carpeta', 'Archivo  MP-FOA-05 movido a Obsoletos por Usuario Tec. María Guadalupe', '2020-12-15 07:11:15', '2020-12-15 07:11:15'),
(368, 'Archivo Agregado', 'Se agrego archivo con el nombre FO-EST-01 CARTA DE PRESENTACIÓN y con extension .pdf por el usuario Tec. María Guadalupe', '2020-12-15 07:11:43', '2020-12-15 07:11:43'),
(369, 'Archivo Agregado', 'Se agrego archivo con el nombre FO-EST-02 EVALUACIÓN POR LA EMPRESA y con extension .pdf por el usuario Tec. María Guadalupe', '2020-12-15 07:12:28', '2020-12-15 07:12:28'),
(370, 'Archivo Agregado', 'Se agrego archivo con el nombre FO-EST-03 LISTA DE COTEJO DE PROYECTO y con extension .pdf por el usuario Tec. María Guadalupe', '2020-12-15 07:12:55', '2020-12-15 07:12:55'),
(371, 'Archivo Agregado', 'Se agrego archivo con el nombre FO-EST-04 LISTA DE COTEJO ACTITUD-SER y con extension .pdf por el usuario Tec. María Guadalupe', '2020-12-15 07:13:27', '2020-12-15 07:13:27'),
(372, 'Archivo Agregado', 'Se agrego archivo con el nombre FO-EST-05 CALIFICACIÓN y con extension .pdf por el usuario Tec. María Guadalupe', '2020-12-15 07:14:09', '2020-12-15 07:14:09'),
(373, 'Archivo Agregado', 'Se agrego archivo con el nombre FO-EST-06 AUTORIZACIÓN DE IMPRESIÓN DE PROYECTO Y O EDICIÓN ELECTRONICA y con extension .pdf por el usuario Tec. María Guadalupe', '2020-12-15 07:17:56', '2020-12-15 07:17:56'),
(374, 'Archivo Agregado', 'Se agrego archivo con el nombre FO-EST-07 CUESTIONARIO DE SALIDA DE ESTANCIAS Y ESTADÍA y con extension .pdf por el usuario Tec. María Guadalupe', '2020-12-15 07:18:51', '2020-12-15 07:18:51'),
(375, 'Archivo Agregado', 'Se agrego archivo con el nombre FO-EST-08 ENCUESTA DE SATISFACCIÓN DEL SERVICIO DE ESTANCIAS ESTADÍA POR EL ALUMNO y con extension .pdf por el usuario Tec. María Guadalupe', '2020-12-15 07:19:49', '2020-12-15 07:19:49'),
(376, 'Archivo Agregado', 'Se agrego archivo con el nombre FO-EST-09 CARTA DE PRESENTACIÓN y con extension .pdf por el usuario Tec. María Guadalupe', '2020-12-15 07:20:21', '2020-12-15 07:20:21'),
(377, 'Archivo Agregado', 'Se agrego archivo con el nombre FO-TIR-01 TIR ESTANCIAS Y ESTADÍA y con extension .pdf por el usuario Tec. María Guadalupe', '2020-12-15 07:21:00', '2020-12-15 07:21:00'),
(378, 'Archivo movido a carpeta', 'Archivo  fo-est-01 movido a Obsoletos por Usuario Tec. María Guadalupe', '2020-12-15 07:21:14', '2020-12-15 07:21:14'),
(379, 'Archivo movido a carpeta', 'Archivo  fo-est-02 movido a Obsoletos por Usuario Tec. María Guadalupe', '2020-12-15 07:21:25', '2020-12-15 07:21:25'),
(380, 'Archivo movido a carpeta', 'Archivo  fo-est-03 movido a Obsoletos por Usuario Tec. María Guadalupe', '2020-12-15 07:21:35', '2020-12-15 07:21:35'),
(381, 'Archivo movido a carpeta', 'Archivo  fo-est-04 movido a Obsoletos por Usuario Tec. María Guadalupe', '2020-12-15 07:21:50', '2020-12-15 07:21:50'),
(382, 'Archivo movido a carpeta', 'Archivo  fo-est-05 movido a Obsoletos por Usuario Tec. María Guadalupe', '2020-12-15 07:22:39', '2020-12-15 07:22:39'),
(383, 'Archivo movido a carpeta', 'Archivo  fo-est-06 movido a Obsoletos por Usuario Tec. María Guadalupe', '2020-12-15 07:22:51', '2020-12-15 07:22:51'),
(384, 'Archivo movido a carpeta', 'Archivo  fo-est-07 movido a Obsoletos por Usuario Tec. María Guadalupe', '2020-12-15 07:23:07', '2020-12-15 07:23:07'),
(385, 'Archivo movido a carpeta', 'Archivo  fo-est-08 movido a Obsoletos por Usuario Tec. María Guadalupe', '2020-12-15 07:23:24', '2020-12-15 07:23:24'),
(386, 'Archivo Agregado', 'Se agrego archivo con el nombre MP-PED-03 MANUAL DE PROCEDIMIENTOS VISITAS  GUIADAS y con extension .pdf por el usuario Tec. María Guadalupe', '2020-12-15 07:24:15', '2020-12-15 07:24:15'),
(387, 'Archivo Agregado', 'Se agrego archivo con el nombre FO-VIG-01 PROPUESTA Y SEGUIMIENTO DE VISITA GUIADA y con extension .pdf por el usuario Tec. María Guadalupe', '2020-12-15 07:25:19', '2020-12-15 07:25:19'),
(388, 'Archivo Agregado', 'Se agrego archivo con el nombre FO-VIG-02 CARTA RESPONSIVA DE VISITA GUIADA y con extension .pdf por el usuario Tec. María Guadalupe', '2020-12-15 07:26:08', '2020-12-15 07:26:08'),
(389, 'Archivo Agregado', 'Se agrego archivo con el nombre FO-VIG-03 LISTA DE ASISTENCIA DE VISITAS GUIADAS y con extension .pdf por el usuario Tec. María Guadalupe', '2020-12-15 07:26:40', '2020-12-15 07:26:40'),
(390, 'Archivo Agregado', 'Se agrego archivo con el nombre FO-VIG-04 CONTROL DE RECEPCIÓN DE DOCUMENTACIÓN DE VISITAS GUIADAS y con extension .pdf por el usuario Tec. María Guadalupe', '2020-12-15 07:27:27', '2020-12-15 07:27:27'),
(391, 'Archivo Agregado', 'Se agrego archivo con el nombre FO-VIG-05 CUESTIONARIO DE VALORACIÓN Y APRECIACIÓN DE LA VISITA GUIADA y con extension .pdf por el usuario Tec. María Guadalupe', '2020-12-15 07:28:10', '2020-12-15 07:28:10'),
(392, 'Archivo Agregado', 'Se agrego archivo con el nombre FO-TIR-01 TABLA DE IDENTIFICACIÓN DE RIESGOS DE VISITAS GUIADA y con extension .pdf por el usuario Tec. María Guadalupe', '2020-12-15 07:28:47', '2020-12-15 07:28:47'),
(393, 'Archivo movido a carpeta', 'Archivo  mp-foa-03 movido a Obsoletos por Usuario Tec. María Guadalupe', '2020-12-15 07:28:58', '2020-12-15 07:28:58'),
(394, 'Archivo movido a carpeta', 'Archivo  fo-vig-01 movido a Obsoletos por Usuario Tec. María Guadalupe', '2020-12-15 07:29:08', '2020-12-15 07:29:08'),
(395, 'Archivo movido a carpeta', 'Archivo  fo-vig-02 movido a Obsoletos por Usuario Tec. María Guadalupe', '2020-12-15 07:29:18', '2020-12-15 07:29:18'),
(396, 'Archivo movido a carpeta', 'Archivo  fo-vig-03 movido a Obsoletos por Usuario Tec. María Guadalupe', '2020-12-15 07:29:27', '2020-12-15 07:29:27'),
(397, 'Archivo movido a carpeta', 'Archivo  fo-vig-04 movido a Obsoletos por Usuario Tec. María Guadalupe', '2020-12-15 07:29:39', '2020-12-15 07:29:39'),
(398, 'Archivo Agregado', 'Se agrego archivo con el nombre FO-PED-01 PLANEACIÓN DE ASIGNATURA y con extension .pdf por el usuario Tec. María Guadalupe', '2020-12-15 07:32:59', '2020-12-15 07:32:59'),
(399, 'Archivo Agregado', 'Se agrego archivo con el nombre FO-PED-02 SEGUIMIENTO A LA PLANEACIÓN y con extension .pdf por el usuario Tec. María Guadalupe', '2020-12-15 07:33:23', '2020-12-15 07:33:23'),
(400, 'Archivo Agregado', 'Se agrego archivo con el nombre FO-PED-03 EVALUACIÓN PAR y con extension .pdf por el usuario Tec. María Guadalupe', '2020-12-15 07:33:52', '2020-12-15 07:33:52'),
(401, 'Archivo Agregado', 'Se agrego archivo con el nombre FO-PED-04 LISTA DE COTEJO DE PORTAFOLIO DE EVIDENCIAS y con extension .pdf por el usuario Tec. María Guadalupe', '2020-12-15 07:34:35', '2020-12-15 07:34:35'),
(402, 'Archivo Agregado', 'Se agrego archivo con el nombre FO-PED-05 EVALUACIÓN DE DESEMPEÑO DOCENTE y con extension .pdf por el usuario Tec. María Guadalupe', '2020-12-15 07:35:28', '2020-12-15 07:35:28'),
(403, 'Archivo Agregado', 'Se agrego archivo con el nombre FO-PED-06 MONITOREO DEL DESEMPEÑO DOCENTE-TUTOR-ASESOR y con extension .pdf por el usuario Tec. María Guadalupe', '2020-12-15 07:35:55', '2020-12-15 07:35:55'),
(404, 'Archivo Agregado', 'Se agrego archivo con el nombre FO-TIR-01 TIR DE PLANEACIÓN Y SEGUIMIENTO DIDÁCTICO y con extension .pdf por el usuario Tec. María Guadalupe', '2020-12-15 07:36:26', '2020-12-15 07:36:26'),
(405, 'Archivo Agregado', 'Se agrego archivo con el nombre MP-PED-06 MANUAL DE PROCEDIMIENTOS DE TITULACIÓN y con extension .pdf por el usuario Tec. María Guadalupe', '2020-12-15 07:37:20', '2020-12-15 07:37:20'),
(406, 'Archivo Agregado', 'Se agrego archivo con el nombre FO-TIT-01 FORMATO DE NO ADEUDO PARA TITULACIÓN y con extension .pdf por el usuario Tec. María Guadalupe', '2020-12-15 07:38:16', '2020-12-15 07:38:16'),
(407, 'Archivo Agregado', 'Se agrego archivo con el nombre MI-SIG-01 MANUAL DE CALIDAD y con extension .pdf por el usuario Tec. María Guadalupe', '2020-12-15 07:52:28', '2020-12-15 07:52:28'),
(408, 'Archivo Agregado', 'Se agrego archivo con el nombre DR-SIG-06 OBJETIVOS DE CALIDAD y con extension .pdf por el usuario Tec. María Guadalupe', '2020-12-15 07:58:49', '2020-12-15 07:58:49'),
(409, 'Archivo Agregado', 'Se agrego archivo con el nombre DIIP-SIG-01 DIAGRAMA DE IDNTIFICACIÓN E INTERACCIÓN DE PROCESOS DEL SGC y con extension .pdf por el usuario Tec. María Guadalupe', '2020-12-15 07:59:46', '2020-12-15 07:59:46'),
(410, 'Archivo Agregado', 'Se agrego archivo con el nombre FODA-SIG-01 FODA DE CALIDAD y con extension .pdf por el usuario Tec. María Guadalupe', '2020-12-15 08:00:53', '2020-12-15 08:00:53'),
(411, 'Archivo Agregado', 'Se agrego archivo con el nombre FO-ASD-01 LISTA MAESTRA DE CONTROL DE DOCUMENTOS y con extension .pdf por el usuario Tec. María Guadalupe', '2020-12-15 08:01:35', '2020-12-15 08:01:35'),
(412, 'Archivo Agregado', 'Se agrego archivo con el nombre FO-ASD-03 LISTA MAESTRA DE REGISTROS y con extension .pdf por el usuario Tec. María Guadalupe', '2020-12-15 08:02:34', '2020-12-15 08:02:34'),
(413, 'Archivo Agregado', 'Se agrego archivo con el nombre DPE-SIG-01 PROCESO EDUCATIVO y con extension .pdf por el usuario Tec. María Guadalupe', '2020-12-15 08:03:30', '2020-12-15 08:03:30'),
(414, 'Archivo Agregado', 'Se agrego archivo con el nombre AC-SIG-07 ACTIVIDADES DEL SIG y con extension .pdf por el usuario Tec. María Guadalupe', '2020-12-15 08:04:41', '2020-12-15 08:04:41'),
(415, 'Archivo Agregado', 'Se agrego archivo con el nombre FO-TIR-01 TABLA DE IDENTIFICACIÓN DE RIESGOS y con extension .pdf por el usuario Tec. María Guadalupe', '2020-12-15 08:05:25', '2020-12-15 08:05:25'),
(416, 'Archivo Agregado', 'Se agrego archivo con el nombre PR-PED-01 PROGRAMA DE ACTIVIDADES y con extension .pdf por el usuario Tec. María Guadalupe', '2020-12-15 08:06:04', '2020-12-15 08:06:04'),
(417, 'Subcategoria Edicion', 'Subcategoria MANUAL DE CALIDAD editada por Tec. María Guadalupe', '2020-12-15 08:06:45', '2020-12-15 08:06:45'),
(418, 'Archivo movido a carpeta', 'Archivo  DR-SIG-01 movido a Obsoletos por Usuario Tec. María Guadalupe', '2020-12-15 08:08:34', '2020-12-15 08:08:34'),
(419, 'Archivo movido a carpeta', 'Archivo  FO-ASD01 movido a Obsoletos por Usuario Tec. María Guadalupe', '2020-12-15 08:08:43', '2020-12-15 08:08:43'),
(420, 'Archivo movido a carpeta', 'Archivo  FO-ASD-02 movido a Obsoletos por Usuario Tec. María Guadalupe', '2020-12-15 08:08:52', '2020-12-15 08:08:52'),
(421, 'Archivo movido a carpeta', 'Archivo  FO-ASD-03 AMBIENTAL movido a Obsoletos por Usuario Tec. María Guadalupe', '2020-12-15 08:09:00', '2020-12-15 08:09:00'),
(422, 'Archivo movido a carpeta', 'Archivo  FO-ASD-03 movido a Obsoletos por Usuario Tec. María Guadalupe', '2020-12-15 08:09:09', '2020-12-15 08:09:09'),
(423, 'Archivo movido a carpeta', 'Archivo  POLITICA-MISIÓNY-VISION movido a Obsoletos por Usuario Tec. María Guadalupe', '2020-12-15 08:09:20', '2020-12-15 08:09:20'),
(424, 'Subcategoria Edicion', 'Subcategoria PLANEACIÓN Y SEGUIMIENTO DIDACTICO editada por Tec. María Guadalupe', '2020-12-15 08:11:32', '2020-12-15 08:11:32'),
(425, 'Archivo movido a carpeta', 'Archivo  MI-SIG-01 movido a Obsoletos por Usuario Tec. María Guadalupe', '2020-12-15 08:12:09', '2020-12-15 08:12:09'),
(426, 'Archivo movido a carpeta', 'Archivo  mMI-SIG-02 movido a Obsoletos por Usuario Tec. María Guadalupe', '2020-12-15 08:12:16', '2020-12-15 08:12:16'),
(427, 'Archivo Agregado', 'Se agrego archivo con el nombre MISIÓN y con extension .pdf por el usuario Tec. María Guadalupe', '2020-12-15 08:12:50', '2020-12-15 08:12:50'),
(428, 'Archivo Agregado', 'Se agrego archivo con el nombre VISIÓN y con extension .pdf por el usuario Tec. María Guadalupe', '2020-12-15 22:02:48', '2020-12-15 22:02:48'),
(429, 'Archivo Agregado', 'Se agrego archivo con el nombre POL-SIG-01 POLITICA DE CALIDAD Y GESTION AMBIENTAL y con extension .pdf por el usuario Tec. María Guadalupe', '2020-12-15 22:04:03', '2020-12-15 22:04:03'),
(430, 'Archivo Agregado', 'Se agrego archivo con el nombre MA-SIG-04 MATRIZ DE IDENTIFICACIÓN DE PARTES INTERESADAS y con extension .pdf por el usuario Tec. María Guadalupe', '2020-12-15 22:05:49', '2020-12-15 22:05:49'),
(431, 'Archivo Agregado', 'Se agrego archivo con el nombre BWC-UPT-01 BITACOR DE MANTENIMIENTO CORRECTIVO y con extension .pdf por el usuario Tec. María Guadalupe', '2020-12-15 22:06:47', '2020-12-15 22:06:47'),
(432, 'Archivo Agregado', 'Se agrego archivo con el nombre PMA-UPT-01 PROGRAMA DE MANTENIMIENTO ANUAL y con extension .pdf por el usuario Tec. María Guadalupe', '2020-12-15 22:08:04', '2020-12-15 22:08:04'),
(433, 'Archivo Agregado', 'Se agrego archivo con el nombre MP-MAM-02 MANUAL DE PROCEDIMIENTOS DE ACCIONES CORRECTIVAS y con extension .pdf por el usuario Tec. María Guadalupe', '2020-12-15 22:20:40', '2020-12-15 22:20:40'),
(434, 'Archivo movido a carpeta', 'Archivo  mp-mam-02 movido a Obsoletos por Usuario Tec. María Guadalupe', '2020-12-15 22:20:51', '2020-12-15 22:20:51'),
(435, 'Archivo Agregado', 'Se agrego archivo con el nombre FO-MAM-07 BITÁCORA DE HALLAZGO y con extension .pdf por el usuario Tec. María Guadalupe', '2020-12-15 22:22:16', '2020-12-15 22:22:16'),
(436, 'Archivo Agregado', 'Se agrego archivo con el nombre FO-MAM-09 ACCIÓN CORRECTIVA Y DE MEJORA y con extension .pdf por el usuario Tec. María Guadalupe', '2020-12-15 22:22:49', '2020-12-15 22:22:49'),
(437, 'Archivo movido a carpeta', 'Archivo  fo-mam-07 movido a Obsoletos por Usuario Tec. María Guadalupe', '2020-12-15 22:23:02', '2020-12-15 22:23:02'),
(438, 'Archivo movido a carpeta', 'Archivo  fo-mam-09 movido a Obsoletos por Usuario Tec. María Guadalupe', '2020-12-15 22:23:13', '2020-12-15 22:23:13'),
(439, 'Archivo Agregado', 'Se agrego archivo con el nombre MP-MAM-01 MANUAL DE PROCEDIMIENTOS DE AUDITORIAS INTERNAS y con extension .pdf por el usuario Tec. María Guadalupe', '2020-12-15 22:24:39', '2020-12-15 22:24:39'),
(440, 'Archivo movido a carpeta', 'Archivo  fo-mam-01 movido a Obsoletos por Usuario Tec. María Guadalupe', '2020-12-15 22:31:54', '2020-12-15 22:31:54'),
(441, 'Archivo Agregado', 'Se agrego archivo con el nombre FO-MAM-01 PROGRAMA DE AUDITORÍAS y con extension .pdf por el usuario Tec. María Guadalupe', '2020-12-15 22:32:34', '2020-12-15 22:32:34'),
(442, 'Archivo Agregado', 'Se agrego archivo con el nombre FO-MAM-02 PLAN DE AUDITORÍA y con extension .pdf por el usuario Tec. María Guadalupe', '2020-12-15 22:33:44', '2020-12-15 22:33:44'),
(443, 'Archivo Agregado', 'Se agrego archivo con el nombre FO-MAM-03 LISTA DE VERIFICACIÓN y con extension .pdf por el usuario Tec. María Guadalupe', '2020-12-15 22:34:22', '2020-12-15 22:34:22'),
(444, 'Archivo Agregado', 'Se agrego archivo con el nombre FO-MAM-04 NOTIFICACIÓN DE AUDITORÍA INTERNA y con extension .pdf por el usuario Tec. María Guadalupe', '2020-12-15 22:35:09', '2020-12-15 22:35:09'),
(445, 'Archivo Agregado', 'Se agrego archivo con el nombre FO-MAM-05 LISTA DE ASISTENCIA DE AUDITORÍA y con extension .pdf por el usuario Tec. María Guadalupe', '2020-12-15 22:35:36', '2020-12-15 22:35:36'),
(446, 'Archivo Agregado', 'Se agrego archivo con el nombre FO-MAM-06 INFORME DE AUDITORÍA y con extension .pdf por el usuario Tec. María Guadalupe', '2020-12-15 22:36:06', '2020-12-15 22:36:06'),
(447, 'Archivo Agregado', 'Se agrego archivo con el nombre FO-MAM-08 EVALUACIÓN DEL AUDITOR y con extension .pdf por el usuario Tec. María Guadalupe', '2020-12-15 22:37:04', '2020-12-15 22:37:04'),
(448, 'Archivo movido a carpeta', 'Archivo  fo-mam-02 movido a Obsoletos por Usuario Tec. María Guadalupe', '2020-12-15 22:37:23', '2020-12-15 22:37:23'),
(449, 'Archivo movido a carpeta', 'Archivo  fo-mam-03 movido a Obsoletos por Usuario Tec. María Guadalupe', '2020-12-15 22:37:43', '2020-12-15 22:37:43'),
(450, 'Archivo movido a carpeta', 'Archivo  fo-mam-04 movido a Obsoletos por Usuario Tec. María Guadalupe', '2020-12-15 22:37:56', '2020-12-15 22:37:56'),
(451, 'Archivo movido a carpeta', 'Archivo  fo-mam-05 movido a Obsoletos por Usuario Tec. María Guadalupe', '2020-12-15 22:38:11', '2020-12-15 22:38:11'),
(452, 'Archivo movido a carpeta', 'Archivo  fo-mam-06 movido a Obsoletos por Usuario Tec. María Guadalupe', '2020-12-15 22:38:25', '2020-12-15 22:38:25'),
(453, 'Archivo movido a carpeta', 'Archivo  fo-mam-07 movido a Obsoletos por Usuario Tec. María Guadalupe', '2020-12-15 22:38:39', '2020-12-15 22:38:39'),
(454, 'Archivo movido a carpeta', 'Archivo  MISIÓN movido a Obsoletos por Usuario Tec. María Guadalupe', '2020-12-15 22:38:49', '2020-12-15 22:38:49'),
(455, 'Archivo movido a carpeta', 'Archivo  fo-mam-08 movido a Obsoletos por Usuario Tec. María Guadalupe', '2020-12-15 22:39:06', '2020-12-15 22:39:06'),
(456, 'Archivo movido a carpeta', 'Archivo  fo-mam-06 requisitado movido a Obsoletos por Usuario Tec. María Guadalupe', '2020-12-15 22:39:21', '2020-12-15 22:39:21'),
(457, 'Archivo Agregado', 'Se agrego archivo con el nombre MP-CIE-01 MANUAL DE PROCEDIMIENTOS COMUNICACIÓN INTERNA Y EXTERNA y con extension .pdf por el usuario Tec. María Guadalupe', '2020-12-15 22:47:14', '2020-12-15 22:47:14'),
(458, 'Archivo Agregado', 'Se agrego archivo con el nombre FO-CIE-01 SOLICITUD DE COMUNICACIÓN y con extension .pdf por el usuario Tec. María Guadalupe', '2020-12-15 22:49:20', '2020-12-15 22:49:20'),
(459, 'Archivo Agregado', 'Se agrego archivo con el nombre FO-CIE-02 ENCUESTA DE SATISFACCIÓN DEL SERVICIO DE COMUNICACIÓN y con extension .pdf por el usuario Tec. María Guadalupe', '2020-12-15 22:50:51', '2020-12-15 22:50:51'),
(460, 'Archivo movido a carpeta', 'Archivo  mp-cie-01 movido a Obsoletos por Usuario Tec. María Guadalupe', '2020-12-15 22:51:06', '2020-12-15 22:51:06'),
(461, 'Archivo movido a carpeta', 'Archivo  fo-cie-01 movido a Obsoletos por Usuario Tec. María Guadalupe', '2020-12-15 22:51:22', '2020-12-15 22:51:22'),
(462, 'Archivo movido a carpeta', 'Archivo  fo-cie-02 movido a Obsoletos por Usuario Tec. María Guadalupe', '2020-12-15 22:52:12', '2020-12-15 22:52:12'),
(463, 'Archivo Agregado', 'Se agrego archivo con el nombre MISIÓN y con extension .pdf por el usuario Tec. María Guadalupe', '2020-12-15 22:53:08', '2020-12-15 22:53:08'),
(464, 'Archivo Agregado', 'Se agrego archivo con el nombre MP-ASD-01 MANUAL DE PROCEDIMIENTOS DE CONTROL DE DOCUMENTO y con extension .pdf por el usuario Tec. María Guadalupe', '2020-12-15 22:54:43', '2020-12-15 22:54:43'),
(465, 'Archivo Agregado', 'Se agrego archivo con el nombre FO-ASD-01 LISTA MAESTRA DE CONTROL DE DOCUMENTOS y con extension .pdf por el usuario Tec. María Guadalupe', '2020-12-15 22:55:33', '2020-12-15 22:55:33'),
(466, 'Archivo Agregado', 'Se agrego archivo con el nombre FO-ASD-02 LISTA DE CONTROL DE DOCUMENTOS EXTERNOS y con extension .pdf por el usuario Tec. María Guadalupe', '2020-12-15 22:56:22', '2020-12-15 22:56:22'),
(467, 'Archivo movido a carpeta', 'Archivo  MP-ASD-01.pdf movido a Obsoletos por Usuario Tec. María Guadalupe', '2020-12-15 22:56:42', '2020-12-15 22:56:42'),
(468, 'Archivo movido a carpeta', 'Archivo  fo-asd-01 movido a Obsoletos por Usuario Tec. María Guadalupe', '2020-12-15 22:56:54', '2020-12-15 22:56:54'),
(469, 'Archivo movido a carpeta', 'Archivo  fo-asd-03 movido a Obsoletos por Usuario Tec. María Guadalupe', '2020-12-15 22:57:17', '2020-12-15 22:57:17'),
(470, 'Archivo Agregado', 'Se agrego archivo con el nombre MP-ASD-02 MANUAL DE PROCEDIMIENTOS CONTROL DE REGISTROS y con extension .pdf por el usuario Tec. María Guadalupe', '2020-12-15 22:58:27', '2020-12-15 22:58:27'),
(471, 'Archivo Agregado', 'Se agrego archivo con el nombre FO-ASD-03 LISTA MAESTRA DE REGISTROS y con extension .pdf por el usuario Tec. María Guadalupe', '2020-12-15 23:07:35', '2020-12-15 23:07:35'),
(472, 'Archivo movido a carpeta', 'Archivo  mp-asd-02 movido a Obsoletos por Usuario Tec. María Guadalupe', '2020-12-15 23:08:02', '2020-12-15 23:08:02'),
(473, 'Archivo movido a carpeta', 'Archivo  fo-asd-01 movido a Obsoletos por Usuario Tec. María Guadalupe', '2020-12-15 23:08:13', '2020-12-15 23:08:13'),
(474, 'Archivo movido a carpeta', 'Archivo  fo-asd-02 movido a Obsoletos por Usuario Tec. María Guadalupe', '2020-12-15 23:08:26', '2020-12-15 23:08:26'),
(475, 'Archivo movido a carpeta', 'Archivo  fo-asd-03 movido a Obsoletos por Usuario Tec. María Guadalupe', '2020-12-15 23:08:40', '2020-12-15 23:08:40'),
(476, 'Archivo Agregado', 'Se agrego archivo con el nombre MP-MAM-06 MANUAL DE PROCEDIMIENTOS REVISIÓN POR LA DIRECCIÓN y con extension .pdf por el usuario Tec. María Guadalupe', '2020-12-15 23:09:38', '2020-12-15 23:09:38'),
(477, 'Archivo Agregado', 'Se agrego archivo con el nombre FO-MAM-16 PROGRAMA DE REVISIÓN POR LA DIRECCIÓN y con extension .pdf por el usuario Tec. María Guadalupe', '2020-12-15 23:10:19', '2020-12-15 23:10:19'),
(478, 'Archivo movido a carpeta', 'Archivo  fo-mam-06 movido a Obsoletos por Usuario Tec. María Guadalupe', '2020-12-15 23:10:53', '2020-12-15 23:10:53'),
(479, 'Archivo movido a carpeta', 'Archivo  mp-mam-06 movido a Obsoletos por Usuario Tec. María Guadalupe', '2020-12-15 23:11:13', '2020-12-15 23:11:13'),
(480, 'Subcategoria Eliminada', 'La Subcategoria  SALIDAS NO CONFORMES fue eliminada por Usuario Tec. María Guadalupe', '2020-12-15 23:12:20', '2020-12-15 23:12:20'),
(481, 'Subcategoria Edicion', 'Subcategoria ESTANCIAS Y ESTADÍA editada por Tec. María Guadalupe', '2020-12-15 23:13:21', '2020-12-15 23:13:21'),
(482, 'Subcategoria Edicion', 'Subcategoria MANUAL Y DOCUMENTOS DE CALIDAD editada por Tec. María Guadalupe', '2020-12-15 23:14:53', '2020-12-15 23:14:53'),
(483, 'Subcategoria Edicion', 'Subcategoria TITULACIÓN editada por Tec. María Guadalupe', '2020-12-15 23:15:26', '2020-12-15 23:15:26'),
(484, 'Subcategoria Edicion', 'Subcategoria CRITERIOS DE SELECCIÓN, ASIGNACIÓN Y VALIDACIÓN DEL PERFIL DEL TUTOR editada por Tec. María Guadalupe', '2020-12-15 23:16:54', '2020-12-15 23:16:54'),
(485, 'Subcategoria Edicion', 'Subcategoria PLANEACIÓN Y SEGUIMIENTO DIDÁCTICO editada por Tec. María Guadalupe', '2020-12-15 23:17:47', '2020-12-15 23:17:47'),
(486, 'Subcategoria Edicion', 'Subcategoria Planeación y Seguimiento Didáctiv editada por Tec. María Guadalupe', '2020-12-15 23:18:08', '2020-12-15 23:18:08'),
(487, 'Archivo Agregado', 'Se agrego archivo con el nombre MP-MAM-07 MANUAL DE PROCEDIMIENTOS SALIDAS NO CONFORMES y con extension .pdf por el usuario Tec. María Guadalupe', '2020-12-15 23:20:16', '2020-12-15 23:20:16'),
(488, 'Archivo Agregado', 'Se agrego archivo con el nombre FO-MAM-17  BITÁCORA DE SALIDAS NO CONFORMES y con extension .pdf por el usuario Tec. María Guadalupe', '2020-12-15 23:20:59', '2020-12-15 23:20:59'),
(489, 'Archivo Agregado', 'Se agrego archivo con el nombre FO-MAM-18 AVISO DE SALIDA NO CONFORME y con extension .pdf por el usuario Tec. María Guadalupe', '2020-12-15 23:21:28', '2020-12-15 23:21:28'),
(490, 'Archivo Agregado', 'Se agrego archivo con el nombre MP-PED-05 MANUAL DE PROCEDIMIENTOS PLANEACIÓN Y SEGUIMIENTO DIDÁCTICO y con extension .pdf por el usuario Tec. María Guadalupe', '2020-12-16 00:32:31', '2020-12-16 00:32:31'),
(491, 'Archivo Agregado', 'Se agrego archivo con el nombre AC-SIG-07 ACTIVIDAD DE EVALUACIÓN DOCENTE y con extension .pdf por el usuario Tec. María Guadalupe', '2020-12-16 07:47:16', '2020-12-16 07:47:16'),
(492, 'Archivo Agregado', 'Se agrego archivo con el nombre AC-SIG-07 ACTIVIDAD DE REGISTRO DE CALIFICACIONES y con extension .pdf por el usuario Tec. María Guadalupe', '2020-12-16 07:47:57', '2020-12-16 07:47:57'),
(493, 'Archivo Agregado', 'Se agrego archivo con el nombre AC-SIG-07 ACTIVIDADES ACADÉMICAS INVESTIGACIÓN y con extension .pdf por el usuario Tec. María Guadalupe', '2020-12-16 07:48:28', '2020-12-16 07:48:28'),
(494, 'Archivo Agregado', 'Se agrego archivo con el nombre AC-SIG-07 ACTIVIDADES DE CAPACITACIÓN DOCENTE y con extension .pdf por el usuario Tec. María Guadalupe', '2020-12-16 07:48:59', '2020-12-16 07:48:59'),
(495, 'Archivo Agregado', 'Se agrego archivo con el nombre AC-SIG-07 ACTIVIDAD CONTRATACIÓN DE PERSONAL y con extension .pdf por el usuario Tec. María Guadalupe', '2020-12-16 07:50:55', '2020-12-16 07:50:55'),
(496, 'Archivo Agregado', 'Se agrego archivo con el nombre AC-SIG-07 ACTIVIDADES DE BIBLIOTECA y con extension .pdf por el usuario Tec. María Guadalupe', '2020-12-16 07:51:39', '2020-12-16 07:51:39'),
(497, 'Archivo Agregado', 'Se agrego archivo con el nombre AC-SIG-07 ACTIVIDAD SEGIMIENTO DE EGRESADOS y con extension .pdf por el usuario Tec. María Guadalupe', '2020-12-16 07:52:10', '2020-12-16 07:52:10'),
(498, 'Archivo Agregado', 'Se agrego archivo con el nombre PR-PED-01 PROGRAMAS DE ACTIVIDADES ACADÉMICAS y con extension .pdf por el usuario Tec. María Guadalupe', '2020-12-16 07:55:24', '2020-12-16 07:55:24'),
(499, 'Archivo Agregado', 'Se agrego archivo con el nombre PR-PED-01 PROGRAMAS DE ACTIVIDADES DE INVESTIGACIÓN y con extension .pdf por el usuario Tec. María Guadalupe', '2020-12-16 07:58:06', '2020-12-16 07:58:06'),
(500, 'Archivo Agregado', 'Se agrego archivo con el nombre PR-PED-01 PROGRAMAS DE FOMENTO A LA CULTURA EMPRENDEDORA y con extension .pdf por el usuario Tec. María Guadalupe', '2020-12-16 08:09:09', '2020-12-16 08:09:09'),
(501, 'Archivo Agregado', 'Se agrego archivo con el nombre TI-SIG-01 TABLA DE INDICADORES y con extension .pdf por el usuario Tec. María Guadalupe', '2020-12-16 08:12:27', '2020-12-16 08:12:27'),
(502, 'Archivo Agregado', 'Se agrego archivo con el nombre AC-SIG-07 ACTIVIDADES EXTRACURRICULARES y con extension .pdf por el usuario Tec. María Guadalupe', '2020-12-16 20:31:44', '2020-12-16 20:31:44'),
(503, 'Archivo Agregado', 'Se agrego archivo con el nombre MP-REH-02 MANUAL DE PROCEDIMIENTOS DE COMPETENCIA, FORMACIÓN Y TOMA DE CONCIENCIA y con extension .pdf por el usuario Tec. María Guadalupe', '2020-12-19 06:23:59', '2020-12-19 06:23:59'),
(504, 'Archivo movido a carpeta', 'Archivo  mp-reh-02 movido a Obsoletos por Usuario Tec. María Guadalupe', '2020-12-19 06:24:10', '2020-12-19 06:24:10'),
(505, 'Archivo Agregado', 'Se agrego archivo con el nombre FO-REH-03 PROGRAMA ANUAL DE CAPACITACIÓN y con extension .pdf por el usuario Tec. María Guadalupe', '2020-12-19 06:24:57', '2020-12-19 06:24:57'),
(506, 'Archivo movido a carpeta', 'Archivo  fo-reh-03 movido a Obsoletos por Usuario Tec. María Guadalupe', '2020-12-19 06:25:06', '2020-12-19 06:25:06'),
(507, 'Archivo Agregado', 'Se agrego archivo con el nombre MP-ADA-02 MANUAL DE PROCEDIMIENTOS DE IDENTIFICACIÓN DE REQUISITOS LEGALES Y SUSCRITOS y con extension .pdf por el usuario Tec. María Guadalupe', '2020-12-19 06:26:35', '2020-12-19 06:26:35'),
(508, 'Archivo Agregado', 'Se agrego archivo con el nombre FO-ADA-03 IDENTIFICACIÓN Y EVALUACIÓN DE REQUISITOS LEGALES Y SUSCRITOS y con extension .pdf por el usuario Tec. María Guadalupe', '2020-12-19 06:27:23', '2020-12-19 06:27:23'),
(509, 'Archivo Agregado', 'Se agrego archivo con el nombre FO-ADA-04 PROGRAMA PARA EL CUMPLIMIENTO DE REQUISITOS y con extension .pdf por el usuario Tec. María Guadalupe', '2020-12-19 06:27:52', '2020-12-19 06:27:52'),
(510, 'Archivo movido a carpeta', 'Archivo  mp-ada-02 movido a Obsoletos por Usuario Tec. María Guadalupe', '2020-12-19 06:30:03', '2020-12-19 06:30:03'),
(511, 'Archivo movido a carpeta', 'Archivo  ma-sig-01 movido a Obsoletos por Usuario Tec. María Guadalupe', '2020-12-19 06:30:15', '2020-12-19 06:30:15'),
(512, 'Archivo movido a carpeta', 'Archivo  fo-ada-03 movido a Obsoletos por Usuario Tec. María Guadalupe', '2020-12-19 06:30:29', '2020-12-19 06:30:29'),
(513, 'Archivo movido a carpeta', 'Archivo  mp-ada-03 movido a Obsoletos por Usuario Tec. María Guadalupe', '2020-12-19 06:31:49', '2020-12-19 06:31:49'),
(514, 'Archivo movido a carpeta', 'Archivo  fo-ada-06 movido a Obsoletos por Usuario Tec. María Guadalupe', '2020-12-19 06:32:00', '2020-12-19 06:32:00'),
(515, 'Archivo movido a carpeta', 'Archivo  fo-mam-02 movido a Obsoletos por Usuario Tec. María Guadalupe', '2020-12-19 06:32:12', '2020-12-19 06:32:12'),
(516, 'Subcategoria Eliminada', 'La Subcategoria  Control Operacional fue eliminada por Usuario Tec. María Guadalupe', '2020-12-19 06:32:28', '2020-12-19 06:32:28'),
(517, 'Archivo Agregado', 'Se agrego archivo con el nombre MP-ADA-04 MANUAL DE PROCEDIMIENTOS DE PREPARACIÓN Y RESPUESTA y con extension .pdf por el usuario Tec. María Guadalupe', '2020-12-19 06:35:52', '2020-12-19 06:35:52'),
(518, 'Archivo movido a carpeta', 'Archivo  mp-ada-04 movido a Obsoletos por Usuario Tec. María Guadalupe', '2020-12-19 06:36:10', '2020-12-19 06:36:10'),
(519, 'Archivo Agregado', 'Se agrego archivo con el nombre FO-ADA-05 REPORTE DE EMERGENCIA SIMULACRO y con extension .pdf por el usuario Tec. María Guadalupe', '2020-12-19 06:37:05', '2020-12-19 06:37:05'),
(520, 'Archivo Agregado', 'Se agrego archivo con el nombre FO-ADA-07 PLAN DE RESPUESTA A EMERGENCIA y con extension .pdf por el usuario Tec. María Guadalupe', '2020-12-19 06:37:40', '2020-12-19 06:37:40'),
(521, 'Archivo movido a carpeta', 'Archivo  fo-ada-05 movido a Obsoletos por Usuario Tec. María Guadalupe', '2020-12-19 06:38:03', '2020-12-19 06:38:03'),
(522, 'Archivo movido a carpeta', 'Archivo  fo-ada-07 movido a Obsoletos por Usuario Tec. María Guadalupe', '2020-12-19 06:38:20', '2020-12-19 06:38:20'),
(523, 'Archivo Agregado', 'Se agrego archivo con el nombre MP-MAM-05 MANUAL DE PROCEDIMIENTOS DE SEGIMIENTO Y MEDICIÓN OPERACIONAL y con extension .pdf por el usuario Tec. María Guadalupe', '2020-12-19 06:41:09', '2020-12-19 06:41:09'),
(524, 'Archivo movido a carpeta', 'Archivo  mp-mam-05 movido a Obsoletos por Usuario Tec. María Guadalupe', '2020-12-19 06:43:06', '2020-12-19 06:43:06'),
(525, 'Archivo Agregado', 'Se agrego archivo con el nombre FO-ADA-06 MATRIZ DEL PROCEDIMIENTO PARA EL CONTROL OPERACIONAL y con extension .pdf por el usuario Tec. María Guadalupe', '2020-12-19 06:44:21', '2020-12-19 06:44:21'),
(526, 'Archivo Agregado', 'Se agrego archivo con el nombre DR-SIG-02 TABLERO DE CONTROL AMBIENTAL y con extension .pdf por el usuario Tec. María Guadalupe', '2020-12-19 06:44:58', '2020-12-19 06:44:58'),
(527, 'Archivo Agregado', 'Se agrego archivo con el nombre FO-MAM-13 INFORME DEL SEGUIMIENTO Y MEDICION OPERACIONAL y con extension .pdf por el usuario Tec. María Guadalupe', '2020-12-19 06:45:29', '2020-12-19 06:45:29'),
(528, 'Archivo Agregado', 'Se agrego archivo con el nombre FO-MAM-14 PROGRAMA DE CALIBRACIÓN AJUSTE SEGUIMIENTO y con extension .pdf por el usuario Tec. María Guadalupe', '2020-12-19 06:45:56', '2020-12-19 06:45:56'),
(529, 'Archivo Agregado', 'Se agrego archivo con el nombre FO-MAM-15 BITACORA DE CALIBRACIÓN AJUSTE SEGUIMIENTO y con extension .pdf por el usuario Tec. María Guadalupe', '2020-12-19 06:46:29', '2020-12-19 06:46:29'),
(530, 'Archivo movido a carpeta', 'Archivo  fo-mam-15 movido a Obsoletos por Usuario Tec. María Guadalupe', '2020-12-19 06:46:41', '2020-12-19 06:46:41'),
(531, 'Archivo movido a carpeta', 'Archivo  fo-mam-14 movido a Obsoletos por Usuario Tec. María Guadalupe', '2020-12-19 06:46:54', '2020-12-19 06:46:54'),
(532, 'Archivo movido a carpeta', 'Archivo  fo-mam-13 movido a Obsoletos por Usuario Tec. María Guadalupe', '2020-12-19 06:47:10', '2020-12-19 06:47:10'),
(533, 'Archivo movido a carpeta', 'Archivo  fo-mam-12 movido a Obsoletos por Usuario Tec. María Guadalupe', '2020-12-19 06:47:24', '2020-12-19 06:47:24'),
(534, 'Archivo movido a carpeta', 'Archivo  dr-sig-02 movido a Obsoletos por Usuario Tec. María Guadalupe', '2020-12-19 06:53:15', '2020-12-19 06:53:15'),
(535, 'Archivo movido a carpeta', 'Archivo  dr-sig-03 movido a Obsoletos por Usuario Tec. María Guadalupe', '2020-12-19 06:54:13', '2020-12-19 06:54:13'),
(536, 'Archivo Agregado', 'Se agrego archivo con el nombre MI-SIG-02 MANUAL DEL SIDTEMA DE GESTIÓN AMBIENTAL y con extension .pdf por el usuario Tec. María Guadalupe', '2020-12-19 06:58:38', '2020-12-19 06:58:38'),
(537, 'Archivo Agregado', 'Se agrego archivo con el nombre DR-SIG-03 OBJETIVO AMBIENTAL 2020 y con extension .pdf por el usuario Tec. María Guadalupe', '2020-12-19 06:59:41', '2020-12-19 06:59:41'),
(538, 'Archivo Agregado', 'Se agrego archivo con el nombre DR-SIG-01 INTERACCIÓN DE ELEMENTOS DEL SISTEMA DE GESTIÓN AMBI y con extension .pdf por el usuario Tec. María Guadalupe', '2020-12-19 07:00:13', '2020-12-19 07:00:13'),
(539, 'Archivo Agregado', 'Se agrego archivo con el nombre DR-SIG-07 DIAGRAMA DE ADMINISTRACIÓN AMBIENTAL y con extension .pdf por el usuario Tec. María Guadalupe', '2020-12-19 07:00:41', '2020-12-19 07:00:41'),
(540, 'Archivo Agregado', 'Se agrego archivo con el nombre DR-SIG-08 DIAGRAMA DE MEDICIÓN ANALISIS Y MEJORA y con extension .pdf por el usuario Tec. María Guadalupe', '2020-12-19 07:01:10', '2020-12-19 07:01:10'),
(541, 'Archivo Agregado', 'Se agrego archivo con el nombre FO-ASD-01 LISTA MAESTRA DE CONTROL DE DOCUMENTOS y con extension .pdf por el usuario Tec. María Guadalupe', '2020-12-19 07:01:39', '2020-12-19 07:01:39'),
(542, 'Archivo Agregado', 'Se agrego archivo con el nombre FO-ASD-02 LISTA DE CONTROL DE DOCUMENTOS EXTERNOS y con extension .pdf por el usuario Tec. María Guadalupe', '2020-12-19 07:02:10', '2020-12-19 07:02:10'),
(543, 'Archivo Agregado', 'Se agrego archivo con el nombre FO-ASD-03 LISTA MAESTRA DE REGISTROS y con extension .pdf por el usuario Tec. María Guadalupe', '2020-12-19 07:02:39', '2020-12-19 07:02:39'),
(544, 'Subcategoria Edicion', 'Subcategoria Programas, Tableros y Matrices editada por Tec. María Guadalupe', '2020-12-19 07:04:55', '2020-12-19 07:04:55'),
(545, 'Archivo Agregado', 'Se agrego archivo con el nombre DR-SIG-05 MANEJO Y DISPOSICIÓN DE RME y con extension .pdf por el usuario Tec. María Guadalupe', '2020-12-19 07:05:37', '2020-12-19 07:05:37'),
(546, 'Archivo Agregado', 'Se agrego archivo con el nombre MA-SIG-01 MATRIZ DE RESPONSABILIDADES Y AUTORIDADES POR REQUISI y con extension .pdf por el usuario Tec. María Guadalupe', '2020-12-19 07:06:10', '2020-12-19 07:06:10'),
(547, 'Archivo Agregado', 'Se agrego archivo con el nombre MA-SIG-01 MATRIZ DE RESPONSABILIDADES Y AUTORIDADES POR REQUISITOS y con extension .pdf por el usuario Tec. María Guadalupe', '2020-12-19 07:06:34', '2020-12-19 07:06:34'),
(548, 'Archivo Agregado', 'Se agrego archivo con el nombre MA-SIG-02 MATRIZ DE COMPETENCIAS DE PERSONAL y con extension .pdf por el usuario Tec. María Guadalupe', '2020-12-19 07:07:02', '2020-12-19 07:07:02'),
(549, 'Archivo Agregado', 'Se agrego archivo con el nombre MA-SIG-03 MATRIZ DE RESPONSABILIDADES Y AUTORIDADES POR PROCEDIMIENTO y con extension .pdf por el usuario Tec. María Guadalupe', '2020-12-19 07:07:28', '2020-12-19 07:07:28'),
(550, 'Archivo Agregado', 'Se agrego archivo con el nombre PG-SIG-01 PROGRAMA PARA LOGRAR UN MANEJO ADECUADO DE LOS RSU Y DISMINUIR SU GENERACIÓN y con extension .pdf por el usuario Tec. María Guadalupe', '2020-12-19 07:07:54', '2020-12-19 07:07:54'),
(551, 'Archivo Agregado', 'Se agrego archivo con el nombre PG-SIG-02 PROGRAMA PARA DISMINUIR EL CONSUMO DE AGUA LOGRANDO UN USO RACIONAL DEL RECURSO y con extension .pdf por el usuario Tec. María Guadalupe', '2020-12-19 07:08:23', '2020-12-19 07:08:23'),
(552, 'Archivo Agregado', 'Se agrego archivo con el nombre PG-SIG-03 PROGRAMA PARA LOGRAR UN MANEJO ADECUADO DE LOS RME DERIVADO DEL USO DE PILAS Y BATERIAS y con extension .pdf por el usuario Tec. María Guadalupe', '2020-12-19 07:08:46', '2020-12-19 07:08:46'),
(553, 'Archivo Agregado', 'Se agrego archivo con el nombre PG-SIG-04 PROGRAMA PARA LOGRAR UN MANEJO ADECUADO DE RP Y DISMINUIR SU GENERACIÓN y con extension .pdf por el usuario Tec. María Guadalupe', '2020-12-19 07:10:03', '2020-12-19 07:10:03'),
(554, 'Archivo Agregado', 'Se agrego archivo con el nombre PG-ADA-01 PROGRAMA DE SIMULACROS y con extension .pdf por el usuario Tec. María Guadalupe', '2020-12-19 07:10:25', '2020-12-19 07:10:25'),
(555, 'Archivo Agregado', 'Se agrego archivo con el nombre PG-SIG-06 PROGRAMA PARA DISMINUIR EL CONSUMO DE ENERGIS ELECTRICA y con extension .pdf por el usuario Tec. María Guadalupe', '2020-12-19 07:10:57', '2020-12-19 07:10:57'),
(556, 'Archivo Agregado', 'Se agrego archivo con el nombre PG-SIG-10 PROGRAMA PARA EL FORTALECIMIENTO DE LA CULTURA AMBIENTAL EN LA COMUNIDAD UNIVERSITARIA y con extension .pdf por el usuario Tec. María Guadalupe', '2020-12-19 07:11:32', '2020-12-19 07:11:32'),
(557, 'Archivo movido a carpeta', 'Archivo  dr-sig-05 movido a Obsoletos por Usuario Tec. María Guadalupe', '2020-12-19 07:11:51', '2020-12-19 07:11:51'),
(558, 'Archivo movido a carpeta', 'Archivo  ma-sig-01 movido a Obsoletos por Usuario Tec. María Guadalupe', '2020-12-19 07:12:00', '2020-12-19 07:12:00'),
(559, 'Archivo movido a carpeta', 'Archivo  ma-sig-02 movido a Obsoletos por Usuario Tec. María Guadalupe', '2020-12-19 07:12:08', '2020-12-19 07:12:08'),
(560, 'Archivo movido a carpeta', 'Archivo  ma-sig-03 movido a Obsoletos por Usuario Tec. María Guadalupe', '2020-12-19 07:12:16', '2020-12-19 07:12:16'),
(561, 'Archivo movido a carpeta', 'Archivo  ma-sig-04 movido a Obsoletos por Usuario Tec. María Guadalupe', '2020-12-19 07:12:22', '2020-12-19 07:12:22'),
(562, 'Archivo movido a carpeta', 'Archivo  pg-sig-02 movido a Obsoletos por Usuario Tec. María Guadalupe', '2020-12-19 07:12:51', '2020-12-19 07:12:51'),
(563, 'Archivo movido a carpeta', 'Archivo  pg-sig-03 movido a Obsoletos por Usuario Tec. María Guadalupe', '2020-12-19 07:13:00', '2020-12-19 07:13:00'),
(564, 'Archivo movido a carpeta', 'Archivo  pg-sig-04 movido a Obsoletos por Usuario Tec. María Guadalupe', '2020-12-19 07:13:08', '2020-12-19 07:13:08'),
(565, 'Archivo movido a carpeta', 'Archivo  pg-sig-05 movido a Obsoletos por Usuario Tec. María Guadalupe', '2020-12-19 07:13:16', '2020-12-19 07:13:16'),
(566, 'Archivo movido a carpeta', 'Archivo  pg-sig-06 movido a Obsoletos por Usuario Tec. María Guadalupe', '2020-12-19 07:13:40', '2020-12-19 07:13:40'),
(567, 'Archivo movido a carpeta', 'Archivo  pl-mam-07 movido a Obsoletos por Usuario Tec. María Guadalupe', '2020-12-19 07:13:53', '2020-12-19 07:13:53'),
(568, 'Archivo movido a carpeta', 'Archivo  mp-ada-01 movido a Obsoletos por Usuario Tec. María Guadalupe', '2021-01-20 07:45:15', '2021-01-20 07:45:15'),
(569, 'Subcategoria Edicion', 'Subcategoria Identificación de aspectos  Ambientales e Impactos editada por Tec. María Guadalupe', '2021-01-20 08:05:42', '2021-01-20 08:05:42'),
(570, 'Archivo Agregado', 'Se agrego archivo con el nombre PROGRAMA ANUAL DE CAPACITACIÓN y con extension .pdf por el usuario Tec. María Guadalupe', '2021-01-20 08:24:54', '2021-01-20 08:24:54'),
(571, 'Archivo Agregado', 'Se agrego archivo con el nombre MATRIZ DEL PROCEDIMIENTO PARA EL CONTROL OPERACIONAL y con extension .pdf por el usuario Tec. María Guadalupe', '2021-01-20 08:31:00', '2021-01-20 08:31:00'),
(572, 'Subcategoria Edicion', 'Subcategoria Seguimiento y Medición Operacional editada por Tec. María Guadalupe', '2021-01-20 08:44:03', '2021-01-20 08:44:03'),
(573, 'Archivo Agregado', 'Se agrego archivo con el nombre FO-ADA-06 MATRIZ DEL PROCEDIMIENTO PARA EL CONTROL OPERACIONAL y con extension .pdf por el usuario Tec. María Guadalupe', '2021-01-20 08:45:15', '2021-01-20 08:45:15'),
(574, 'Archivo Agregado', 'Se agrego archivo con el nombre MP-ADA-01 IDENTIFICACIÓN DE ASPECTOS AMBIENTALES E IMPACTOS y con extension .pdf por el usuario Tec. María Guadalupe', '2021-01-20 09:51:43', '2021-01-20 09:51:43'),
(575, 'Archivo Agregado', 'Se agrego archivo con el nombre MISÍON y con extension .pdf por el usuario Tec. María Guadalupe', '2021-12-02 22:09:11', '2021-12-02 22:09:11'),
(576, 'Archivo Agregado', 'Se agrego archivo con el nombre VISIÓN y con extension .pdf por el usuario Tec. María Guadalupe', '2021-12-02 23:38:18', '2021-12-02 23:38:18'),
(577, 'Archivo Agregado', 'Se agrego archivo con el nombre POL-SIG-01 POLÍTICA DE CALIDAD Y GESTIÓN AMBIENTAL y con extension .pdf por el usuario Tec. María Guadalupe', '2021-12-02 23:40:59', '2021-12-02 23:40:59'),
(578, 'Archivo Agregado', 'Se agrego archivo con el nombre DR-SIG-06 OBJETIVOS DE CALIDAD y con extension .pdf por el usuario Tec. María Guadalupe', '2021-12-02 23:44:04', '2021-12-02 23:44:04'),
(579, 'Archivo Agregado', 'Se agrego archivo con el nombre DIIP-SIG-01 DIAGRAMA DE IDENTIFICACIÓN E INTERACCIÓN DE PROCESOS DEL SGC y con extension .pdf por el usuario Tec. María Guadalupe', '2021-12-02 23:54:42', '2021-12-02 23:54:42'),
(580, 'Archivo Agregado', 'Se agrego archivo con el nombre FODA-SIG-01 y con extension .pdf por el usuario Tec. María Guadalupe', '2021-12-02 23:58:28', '2021-12-02 23:58:28'),
(581, 'Archivo Agregado', 'Se agrego archivo con el nombre DPE-SIG-01 DIAGRAMA DE PROCESO EDUCATIVO y con extension .pdf por el usuario Tec. María Guadalupe', '2021-12-03 00:02:21', '2021-12-03 00:02:21');
INSERT INTO `movimiento_usuario` (`id`, `movimiento`, `informe`, `created_at`, `updated_at`) VALUES
(582, 'Archivo Agregado', 'Se agrego archivo con el nombre FO-TIR-01 TABLA DE IDENTIFICACIÓN DE RIESGOS y con extension .pdf por el usuario Tec. María Guadalupe', '2021-12-03 00:03:46', '2021-12-03 00:03:46'),
(583, 'Archivo Agregado', 'Se agrego archivo con el nombre AC-SIG-07 ACTIVIDADES DEL SIG y con extension .pdf por el usuario Tec. María Guadalupe', '2021-12-03 00:04:47', '2021-12-03 00:04:47'),
(584, 'Archivo Agregado', 'Se agrego archivo con el nombre PR-PED-01 y con extension .pdf por el usuario Tec. María Guadalupe', '2021-12-03 00:40:33', '2021-12-03 00:40:33'),
(585, 'Archivo Agregado', 'Se agrego archivo con el nombre DR-SIG-03 y con extension .pdf por el usuario Tec. María Guadalupe', '2021-12-03 00:49:54', '2021-12-03 00:49:54'),
(586, 'Archivo Agregado', 'Se agrego archivo con el nombre DR-SIG-01 y con extension .pdf por el usuario Tec. María Guadalupe', '2021-12-03 00:53:51', '2021-12-03 00:53:51'),
(587, 'Archivo Agregado', 'Se agrego archivo con el nombre DR-SIG-07 y con extension .pdf por el usuario Tec. María Guadalupe', '2021-12-03 00:54:40', '2021-12-03 00:54:40'),
(588, 'Archivo Agregado', 'Se agrego archivo con el nombre DR-SIG-08 y con extension .pdf por el usuario Tec. María Guadalupe', '2021-12-03 00:55:12', '2021-12-03 00:55:12'),
(589, 'Archivo Agregado', 'Se agrego archivo con el nombre MA-SIG-04 y con extension .pdf por el usuario Tec. María Guadalupe', '2021-12-03 00:56:16', '2021-12-03 00:56:16'),
(590, 'Archivo Agregado', 'Se agrego archivo con el nombre BMC-UPT-01 y con extension .pdf por el usuario Tec. María Guadalupe', '2021-12-03 00:58:51', '2021-12-03 00:58:51'),
(591, 'Archivo Agregado', 'Se agrego archivo con el nombre PMA-UPT-01 PROGRAMA DE MANTENIMIENTO ANUAL y con extension .pdf por el usuario Tec. María Guadalupe', '2021-12-03 00:59:34', '2021-12-03 00:59:34'),
(592, 'Archivo Agregado', 'Se agrego archivo con el nombre MI-SIG-01 MANUAL DE CALIDAD y con extension .pdf por el usuario Tec. María Guadalupe', '2021-12-03 01:15:45', '2021-12-03 01:15:45'),
(593, 'Archivo Agregado', 'Se agrego archivo con el nombre MI-SIG-01 MANUAL DE CALIDAD y con extension .pdf por el usuario Tec. María Guadalupe', '2021-12-03 01:21:47', '2021-12-03 01:21:47'),
(594, 'Archivo Agregado', 'Se agrego archivo con el nombre MI-SIG-02 MANUAL DEL SISTEMA DEL SISTEMA DE GESTIÓN AMBIENTAL y con extension .pdf por el usuario Tec. María Guadalupe', '2021-12-03 01:25:20', '2021-12-03 01:25:20'),
(595, 'Archivo Agregado', 'Se agrego archivo con el nombre MP-MAM-02 ACCIONES CORRECTIVAS y con extension .pdf por el usuario Tec. María Guadalupe', '2021-12-03 01:29:47', '2021-12-03 01:29:47'),
(596, 'Archivo Agregado', 'Se agrego archivo con el nombre FO-MAM-07 BITÁCORA DE HALLAZGOS y con extension .pdf por el usuario Tec. María Guadalupe', '2021-12-03 01:30:47', '2021-12-03 01:30:47'),
(597, 'Subcategoria Edicion', 'Subcategoria PROCEDIMIENTOS BASE editada por Tec. María Guadalupe', '2021-12-03 01:31:51', '2021-12-03 01:31:51'),
(598, 'Archivo Agregado', 'Se agrego archivo con el nombre FO-MAM-09 ACCIÓN CORRECTIVA Y DE MEJORA y con extension .pdf por el usuario Tec. María Guadalupe', '2021-12-03 01:32:37', '2021-12-03 01:32:37'),
(599, 'Archivo Agregado', 'Se agrego archivo con el nombre MP-MAM-01 AUDITORÍAS INTERNAS y con extension .pdf por el usuario Tec. María Guadalupe', '2021-12-03 01:37:34', '2021-12-03 01:37:34'),
(600, 'Archivo Agregado', 'Se agrego archivo con el nombre FO-MAM-01 PROGRAMA DE AUDITORÍAS y con extension .pdf por el usuario Tec. María Guadalupe', '2021-12-03 02:44:00', '2021-12-03 02:44:00'),
(601, 'Archivo Agregado', 'Se agrego archivo con el nombre FO-MAM-02 PLAN DE AUDITORÍA y con extension .pdf por el usuario Tec. María Guadalupe', '2021-12-03 02:45:08', '2021-12-03 02:45:08'),
(602, 'Archivo Agregado', 'Se agrego archivo con el nombre MI-SIG-01 MANUAL DE CALIDAD y con extension .pdf por el usuario Tec. María Guadalupe', '2021-12-03 02:46:59', '2021-12-03 02:46:59'),
(603, 'Archivo Agregado', 'Se agrego archivo con el nombre FO-MAM-03 LISTA DE VERIFICACIÓN y con extension .pdf por el usuario Tec. María Guadalupe', '2021-12-03 04:39:38', '2021-12-03 04:39:38'),
(604, 'Archivo Agregado', 'Se agrego archivo con el nombre FO-MAM-04 y con extension .pdf por el usuario Tec. María Guadalupe', '2021-12-03 04:42:12', '2021-12-03 04:42:12'),
(605, 'Archivo Agregado', 'Se agrego archivo con el nombre FO-MAM-04 NOTIFICACIÓN DE AUDITORIA INTERNA y con extension .pdf por el usuario Tec. María Guadalupe', '2021-12-03 04:48:12', '2021-12-03 04:48:12'),
(606, 'Archivo Agregado', 'Se agrego archivo con el nombre FO-MAM-05 y con extension .pdf por el usuario Tec. María Guadalupe', '2021-12-03 04:49:32', '2021-12-03 04:49:32'),
(607, 'Archivo Agregado', 'Se agrego archivo con el nombre FO-MAM-05 LISTA DE ASISTENCIA DE AUDITORIA y con extension .pdf por el usuario Tec. María Guadalupe', '2021-12-03 04:52:12', '2021-12-03 04:52:12'),
(608, 'Archivo Agregado', 'Se agrego archivo con el nombre FO-MAM-06 INFORME DE AUDITORÍA y con extension .pdf por el usuario Tec. María Guadalupe', '2021-12-03 04:52:59', '2021-12-03 04:52:59'),
(609, 'Archivo Agregado', 'Se agrego archivo con el nombre FO-MAM-08 EVALUACIÓN DEL AUDITOR y con extension .pdf por el usuario Tec. María Guadalupe', '2021-12-03 04:56:24', '2021-12-03 04:56:24'),
(610, 'Archivo Agregado', 'Se agrego archivo con el nombre MP-ASD-01 CONTROL DE DOCUMENTOS y con extension .pdf por el usuario Tec. María Guadalupe', '2021-12-03 05:12:57', '2021-12-03 05:12:57'),
(611, 'Archivo Agregado', 'Se agrego archivo con el nombre FO-ASD-01 y con extension .pdf por el usuario Tec. María Guadalupe', '2021-12-03 21:22:46', '2021-12-03 21:22:46'),
(612, 'Archivo Agregado', 'Se agrego archivo con el nombre FO-ASD-02 LISTA DE CONTROL DE DOCUMENTOS EXTERNOS y con extension .pdf por el usuario Tec. María Guadalupe', '2021-12-03 21:25:25', '2021-12-03 21:25:25'),
(613, 'Archivo Agregado', 'Se agrego archivo con el nombre FO-ASD-01 LISTA MAESTRA DE CONTROL DE DOCUMENTOS y con extension .pdf por el usuario Tec. María Guadalupe', '2021-12-03 21:26:53', '2021-12-03 21:26:53'),
(614, 'Archivo Agregado', 'Se agrego archivo con el nombre MP-CIE-01 COMUNICACIÓN INTERNA Y EXTERNA y con extension .pdf por el usuario Tec. María Guadalupe', '2021-12-03 21:39:13', '2021-12-03 21:39:13'),
(615, 'Archivo Agregado', 'Se agrego archivo con el nombre FO-CIE-01 y con extension .pdf por el usuario Tec. María Guadalupe', '2021-12-03 21:41:06', '2021-12-03 21:41:06'),
(616, 'Archivo Agregado', 'Se agrego archivo con el nombre FO-CIE-02 ENCUESTA DE SATISFACCIÓN DEL SERVICIO DE COMUNICACIÓN y con extension .pdf por el usuario Tec. María Guadalupe', '2021-12-03 21:45:15', '2021-12-03 21:45:15'),
(617, 'Archivo Agregado', 'Se agrego archivo con el nombre MP-ASD-02 CONTROL DE REGISTROS y con extension .pdf por el usuario Tec. María Guadalupe', '2021-12-03 21:59:15', '2021-12-03 21:59:15'),
(618, 'Archivo Agregado', 'Se agrego archivo con el nombre FO-ASD-03 LISTA MAESTRA DE REGISTROS y con extension .pdf por el usuario Tec. María Guadalupe', '2021-12-03 22:01:05', '2021-12-03 22:01:05'),
(619, 'Archivo Agregado', 'Se agrego archivo con el nombre MP-MAM-06  REVISIÓN POR LA DIRECCIÓN y con extension .pdf por el usuario Tec. María Guadalupe', '2021-12-03 22:12:07', '2021-12-03 22:12:07'),
(620, 'Archivo Agregado', 'Se agrego archivo con el nombre FO-MAM-16 PROGRAMA DE REVISIÓN POR LA DIRECCIÓN y con extension .pdf por el usuario Tec. María Guadalupe', '2021-12-03 22:13:24', '2021-12-03 22:13:24'),
(621, 'Archivo Agregado', 'Se agrego archivo con el nombre MP-PED-05 PLANEACIÓN Y SEGUIMIENTO DIDÁCTICO y con extension .pdf por el usuario Tec. María Guadalupe', '2021-12-03 22:46:51', '2021-12-03 22:46:51'),
(622, 'Archivo Agregado', 'Se agrego archivo con el nombre FO-PED-01 PLANEACIÓN DE ASIGNATURA y con extension .pdf por el usuario Tec. María Guadalupe', '2021-12-03 22:48:03', '2021-12-03 22:48:03'),
(623, 'Archivo Agregado', 'Se agrego archivo con el nombre FO-PED-02 SEGUIMIENTO A LA PLANEACIÓN y con extension .pdf por el usuario Tec. María Guadalupe', '2021-12-03 22:51:34', '2021-12-03 22:51:34'),
(624, 'Archivo Agregado', 'Se agrego archivo con el nombre FO-PED-03 EVALUACIÓN PAR y con extension .pdf por el usuario Tec. María Guadalupe', '2021-12-03 22:52:57', '2021-12-03 22:52:57'),
(625, 'Archivo Agregado', 'Se agrego archivo con el nombre FO-PED-04 LISTA DE COTEJO DE PORTAFOLIO DE EVIDENCIAS y con extension .pdf por el usuario Tec. María Guadalupe', '2021-12-03 22:54:03', '2021-12-03 22:54:03'),
(626, 'Archivo Agregado', 'Se agrego archivo con el nombre FO-PED-05 SISTEMA DE EVALUACIÓN DEL DESEMPEÑO DOCENTE y con extension .pdf por el usuario Tec. María Guadalupe', '2021-12-03 22:56:35', '2021-12-03 22:56:35'),
(627, 'Archivo Agregado', 'Se agrego archivo con el nombre FO-PED-06 y con extension .pdf por el usuario Tec. María Guadalupe', '2021-12-03 22:57:15', '2021-12-03 22:57:15'),
(628, 'Archivo Agregado', 'Se agrego archivo con el nombre FO-TIR-01 PLANEACIÓN Y SEGUIMIENTO DIDÁCTICO y con extension .pdf por el usuario Tec. María Guadalupe', '2021-12-03 23:10:54', '2021-12-03 23:10:54'),
(629, 'Categoria Eliminada', 'Categoria PROCEDIMIENTOS ISO 9001:2015 (CARPETA 3) eliminada por Tec. María Guadalupe', '2021-12-03 23:11:18', '2021-12-03 23:11:18'),
(630, 'Categoria Eliminada', 'Categoria PROCEDIMIENTOS ISO 9001:2015 (CARPETA 3) eliminada por Tec. María Guadalupe', '2021-12-03 23:23:05', '2021-12-03 23:23:05'),
(631, 'Archivo Agregado', 'Se agrego archivo con el nombre prueba y con extension .pdf por el usuario ALEJANDRO', '2021-12-03 23:39:44', '2021-12-03 23:39:44'),
(632, 'Categoria Eliminada', 'Categoria PROCEDIMIENTOS ISO 9001:2015 (CARPETA 3) eliminada por Tec. María Guadalupe', '2021-12-03 23:40:19', '2021-12-03 23:40:19'),
(633, 'Archivo Agregado', 'Se agrego archivo con el nombre MP-PED-05 PLANEACIÓN Y SEGUIMIENTO DIDÁCTICO y con extension .pdf por el usuario Tec. María Guadalupe', '2021-12-03 23:41:28', '2021-12-03 23:41:28'),
(634, 'Archivo Agregado', 'Se agrego archivo con el nombre prueba y con extension .pdf por el usuario ALEJANDRO', '2021-12-03 23:41:31', '2021-12-03 23:41:31'),
(635, 'Archivo Agregado', 'Se agrego archivo con el nombre FO-PED-01 PLANEACIÓN DE ASIGNATURA y con extension .pdf por el usuario Tec. María Guadalupe', '2021-12-03 23:42:09', '2021-12-03 23:42:09'),
(636, 'Archivo Agregado', 'Se agrego archivo con el nombre FO-PED-02 SEGUIMIENTO A LA PLANEACIÓN y con extension .pdf por el usuario Tec. María Guadalupe', '2021-12-03 23:48:13', '2021-12-03 23:48:13'),
(637, 'Archivo Agregado', 'Se agrego archivo con el nombre FO-PED-03 EVALUACIÓN PAR y con extension .pdf por el usuario Tec. María Guadalupe', '2021-12-03 23:54:48', '2021-12-03 23:54:48'),
(638, 'Archivo Agregado', 'Se agrego archivo con el nombre FO-PED-04 LISTA DE COTEJO DE PORTAFOLIO DE EVIDENCIAS y con extension .pdf por el usuario Tec. María Guadalupe', '2021-12-03 23:56:06', '2021-12-03 23:56:06'),
(639, 'Archivo Agregado', 'Se agrego archivo con el nombre FO-PED-05 SISTEMA DE EVALUACIÓN DEL DESEMPEÑO DOCENTE y con extension .pdf por el usuario Tec. María Guadalupe', '2021-12-03 23:56:57', '2021-12-03 23:56:57'),
(640, 'Archivo Agregado', 'Se agrego archivo con el nombre FO-PED-06 MONITOREO DEL DESEMPEÑO DOCENTE y con extension .pdf por el usuario Tec. María Guadalupe', '2021-12-03 23:58:04', '2021-12-03 23:58:04'),
(641, 'Archivo Agregado', 'Se agrego archivo con el nombre FO-TIR-01 PLANEACIÓN Y SEGUIMIENTO DIDÁCTICO y con extension .pdf por el usuario Tec. María Guadalupe', '2021-12-03 23:58:34', '2021-12-03 23:58:34'),
(642, 'Archivo Agregado', 'Se agrego archivo con el nombre FO-MAM-16 PROGRAMA DE REVISIÓN POR LA DIRECCIÓN y con extension .pdf por el usuario Tec. María Guadalupe', '2021-12-04 00:12:24', '2021-12-04 00:12:24'),
(643, 'Archivo Agregado', 'Se agrego archivo con el nombre FO-MA-07 BITÁCORA DE HALLAZGOS y con extension .pdf por el usuario Tec. María Guadalupe', '2021-12-04 00:30:36', '2021-12-04 00:30:36'),
(644, 'Archivo Agregado', 'Se agrego archivo con el nombre FO-MA-09 ACCIÓN CORRECTIVA Y DE MEJORA y con extension .pdf por el usuario Tec. María Guadalupe', '2021-12-04 00:33:52', '2021-12-04 00:33:52'),
(645, 'Archivo Agregado', 'Se agrego archivo con el nombre FO-MAM-01 PROGRAMA DE AUDITORÍAS y con extension .pdf por el usuario Tec. María Guadalupe', '2021-12-04 00:39:15', '2021-12-04 00:39:15'),
(646, 'Archivo Agregado', 'Se agrego archivo con el nombre FO-MAM-02 PLAN DE AUDITORÍA y con extension .pdf por el usuario Tec. María Guadalupe', '2021-12-04 00:40:05', '2021-12-04 00:40:05'),
(647, 'Archivo Agregado', 'Se agrego archivo con el nombre FO-MAM-03 LISTA DE VERIFICACIÓN y con extension .pdf por el usuario Tec. María Guadalupe', '2021-12-04 00:41:21', '2021-12-04 00:41:21'),
(648, 'Archivo Agregado', 'Se agrego archivo con el nombre FO-MAM-04 NOTIFICACIÓN DE AUDITORIA INTERNA y con extension .pdf por el usuario Tec. María Guadalupe', '2021-12-04 00:42:02', '2021-12-04 00:42:02'),
(649, 'Archivo Agregado', 'Se agrego archivo con el nombre FO-MAM-05 LISTA DE ASISTENCIA DE AUDITORIA y con extension .pdf por el usuario Tec. María Guadalupe', '2021-12-04 00:42:36', '2021-12-04 00:42:36'),
(650, 'Archivo Agregado', 'Se agrego archivo con el nombre FO-MAM-06 INFORME DE AUDITORÍA y con extension .pdf por el usuario Tec. María Guadalupe', '2021-12-04 00:43:09', '2021-12-04 00:43:09'),
(651, 'Archivo Agregado', 'Se agrego archivo con el nombre FO-MAM-08 EVALUACIÓN DEL AUDITOR y con extension .pdf por el usuario Tec. María Guadalupe', '2021-12-04 00:43:48', '2021-12-04 00:43:48'),
(652, 'Archivo Agregado', 'Se agrego archivo con el nombre FO-ASD-01 LISTA MAESTRA DE CONTROL DE DOCUMENTOS y con extension .pdf por el usuario Tec. María Guadalupe', '2021-12-04 01:05:27', '2021-12-04 01:05:27'),
(653, 'Archivo Agregado', 'Se agrego archivo con el nombre FO-ASD-02 LISTA DE CONTROL DE DOCUMENTOS EXTERNOS y con extension .pdf por el usuario Tec. María Guadalupe', '2021-12-04 01:06:08', '2021-12-04 01:06:08'),
(654, 'Archivo Agregado', 'Se agrego archivo con el nombre FO-CIE-01 SOLICITUD DE COMUNICACIÓN y con extension .pdf por el usuario Tec. María Guadalupe', '2021-12-04 01:07:52', '2021-12-04 01:07:52'),
(655, 'Archivo Agregado', 'Se agrego archivo con el nombre FO-CIE-02 ENCUESTA DE SATISFACCIÓN DEL SERVICIO DE COMUNICACIÓN y con extension .pdf por el usuario Tec. María Guadalupe', '2021-12-04 01:08:24', '2021-12-04 01:08:24'),
(656, 'Archivo Agregado', 'Se agrego archivo con el nombre FO-ASD-03 LISTA MAESTRA DE REGISTROS y con extension .pdf por el usuario Tec. María Guadalupe', '2021-12-04 01:09:44', '2021-12-04 01:09:44'),
(657, 'Archivo Agregado', 'Se agrego archivo con el nombre FO-MAM-16 PROGRAMA DE REVISIÓN POR LA DIRECCIÓN y con extension .pdf por el usuario Tec. María Guadalupe', '2021-12-04 01:14:17', '2021-12-04 01:14:17'),
(658, 'Archivo Agregado', 'Se agrego archivo con el nombre FO-PED-01 PLANEACIÓN DE ASIGNATURA y con extension .pdf por el usuario Tec. María Guadalupe', '2021-12-04 02:10:22', '2021-12-04 02:10:22'),
(659, 'Archivo Agregado', 'Se agrego archivo con el nombre FO-PED-02 SEGUIMIENTO A LA PLANEACIÓN y con extension .pdf por el usuario Tec. María Guadalupe', '2021-12-04 02:14:19', '2021-12-04 02:14:19'),
(660, 'Archivo Agregado', 'Se agrego archivo con el nombre FO-PED-03 EVALUACIÓN PAR y con extension .pdf por el usuario Tec. María Guadalupe', '2021-12-04 02:15:26', '2021-12-04 02:15:26'),
(661, 'Archivo Agregado', 'Se agrego archivo con el nombre FO-PED-04 LISTA DE COTEJO DE PORTAFOLIO DE EVIDENCIAS y con extension .pdf por el usuario Tec. María Guadalupe', '2021-12-04 02:18:40', '2021-12-04 02:18:40'),
(662, 'Archivo Agregado', 'Se agrego archivo con el nombre FO-PED-05 SISTEMA DE EVALUACIÓN DEL DESEMPEÑO DOCENTE y con extension .pdf por el usuario Tec. María Guadalupe', '2021-12-04 02:20:18', '2021-12-04 02:20:18'),
(663, 'Archivo Agregado', 'Se agrego archivo con el nombre FO-PED-06 MONITOREO DEL DESEMPEÑO DOCENTE y con extension .pdf por el usuario Tec. María Guadalupe', '2021-12-04 02:22:04', '2021-12-04 02:22:04'),
(664, 'Archivo Agregado', 'Se agrego archivo con el nombre FO-TIR-01 PLANEACIÓN Y SEGUIMIENTO DIDÁCTICO y con extension .pdf por el usuario Tec. María Guadalupe', '2021-12-04 02:23:18', '2021-12-04 02:23:18'),
(665, 'Archivo Agregado', 'Se agrego archivo con el nombre DPINS-SIG-01 y con extension .pdf por el usuario Tec. María Guadalupe', '2021-12-04 02:24:38', '2021-12-04 02:24:38'),
(666, 'Archivo Agregado', 'Se agrego archivo con el nombre MP-INS-01 INSCRIPCIÓN y con extension .pdf por el usuario Tec. María Guadalupe', '2021-12-04 02:37:08', '2021-12-04 02:37:08'),
(667, 'Archivo Agregado', 'Se agrego archivo con el nombre FO-INS-01 ESTUDIO SOCIOECONÓMICO y con extension .pdf por el usuario Tec. María Guadalupe', '2021-12-04 02:38:23', '2021-12-04 02:38:23'),
(668, 'Archivo Agregado', 'Se agrego archivo con el nombre FO-INS-02 FICHA DE INSCRIPCIÓN / FORMATO DE REGISTRO DEL ASPIRANTE y con extension .pdf por el usuario Tec. María Guadalupe', '2021-12-04 02:39:46', '2021-12-04 02:39:46'),
(669, 'Archivo Agregado', 'Se agrego archivo con el nombre FO-INS-04 ENCUESTA DE SATISFACCIÓN DEL CLIENTE y con extension .pdf por el usuario Tec. María Guadalupe', '2021-12-04 02:41:23', '2021-12-04 02:41:23'),
(670, 'Archivo Agregado', 'Se agrego archivo con el nombre FO-TIR-01 INSCRIPCIÓN y con extension .pdf por el usuario Tec. María Guadalupe', '2021-12-04 02:42:18', '2021-12-04 02:42:18'),
(671, 'Archivo Agregado', 'Se agrego archivo con el nombre DPREI-SIG-01 PROCESO DE REINSCRIPCIÓN y con extension .pdf por el usuario Tec. María Guadalupe', '2021-12-04 02:44:16', '2021-12-04 02:44:16'),
(672, 'Archivo Agregado', 'Se agrego archivo con el nombre MP-REI-01 REINSCRIPCIÓN y con extension .pdf por el usuario Tec. María Guadalupe', '2021-12-04 02:49:07', '2021-12-04 02:49:07'),
(673, 'Archivo Agregado', 'Se agrego archivo con el nombre FO-REI-01 FICHA DE REINSCRIPCIÓN y con extension .pdf por el usuario Tec. María Guadalupe', '2021-12-04 02:50:15', '2021-12-04 02:50:15'),
(674, 'Archivo Agregado', 'Se agrego archivo con el nombre FO-INS-04 ENCUESTA DE SATISFACCIÓN DEL CLIENTE y con extension .pdf por el usuario Tec. María Guadalupe', '2021-12-04 02:51:07', '2021-12-04 02:51:07'),
(675, 'Archivo Agregado', 'Se agrego archivo con el nombre FO-TIR-01 REINSCRIPCIÓN y con extension .pdf por el usuario Tec. María Guadalupe', '2021-12-04 02:52:24', '2021-12-04 02:52:24'),
(676, 'Archivo Agregado', 'Se agrego archivo con el nombre MP-PED-06 TITULACIÓN y con extension .pdf por el usuario Tec. María Guadalupe', '2021-12-04 02:57:05', '2021-12-04 02:57:05'),
(677, 'Archivo Agregado', 'Se agrego archivo con el nombre FO-TIT-01 FORMATO PARA NO ADEUDO PARA TITULACIÓN y con extension .pdf por el usuario Tec. María Guadalupe', '2021-12-04 02:58:51', '2021-12-04 02:58:51'),
(678, 'Archivo Agregado', 'Se agrego archivo con el nombre FO-TIR-01 TITULACIÓN y con extension .pdf por el usuario Tec. María Guadalupe', '2021-12-04 02:59:41', '2021-12-04 02:59:41'),
(679, 'Subcategoria Edicion', 'Subcategoria MP-PED-01 TUTORIAS editada por Tec. María Guadalupe', '2021-12-04 03:02:29', '2021-12-04 03:02:29'),
(680, 'Archivo Agregado', 'Se agrego archivo con el nombre MP-PED-01 TUTORIAS y con extension .pdf por el usuario Tec. María Guadalupe', '2021-12-04 03:06:12', '2021-12-04 03:06:12'),
(681, 'Archivo Agregado', 'Se agrego archivo con el nombre FO-TUT-01 y con extension .pdf por el usuario Tec. María Guadalupe', '2021-12-04 03:06:59', '2021-12-04 03:06:59'),
(682, 'Archivo Agregado', 'Se agrego archivo con el nombre FO-TUT-02 REGISTRO DE TUTORÍA GRUPAL y con extension .pdf por el usuario Tec. María Guadalupe', '2021-12-04 03:08:14', '2021-12-04 03:08:14'),
(683, 'Archivo Agregado', 'Se agrego archivo con el nombre FO-TUT-03 BITÁCORA DE CIERRE DE CUATRIMESTRE DE TUTORÍAS y con extension .pdf por el usuario Tec. María Guadalupe', '2021-12-04 03:10:07', '2021-12-04 03:10:07'),
(684, 'Archivo Agregado', 'Se agrego archivo con el nombre FO-TIR-01 TUTORIAS y con extension .pdf por el usuario Tec. María Guadalupe', '2021-12-04 03:11:36', '2021-12-04 03:11:36'),
(685, 'Archivo Agregado', 'Se agrego archivo con el nombre DR-PED-01 CRITERIOS DE SELECCIÓN, ASIGNACIÓN Y VALIDACIÓN DEL PERFIL DE TUTOR y con extension .pdf por el usuario Tec. María Guadalupe', '2021-12-04 03:13:48', '2021-12-04 03:13:48'),
(686, 'Archivo Agregado', 'Se agrego archivo con el nombre FO-VPT-01 VALIDACIÓN DEL PERFIL DEL TUTOR y con extension .pdf por el usuario Tec. María Guadalupe', '2021-12-04 03:14:44', '2021-12-04 03:14:44'),
(687, 'Archivo Agregado', 'Se agrego archivo con el nombre MP-PED-02 ASESORÍAS y con extension .pdf por el usuario Tec. María Guadalupe', '2021-12-04 03:17:50', '2021-12-04 03:17:50'),
(688, 'Archivo Agregado', 'Se agrego archivo con el nombre FO-ASE-01 REGISTRO DE ASESORÍA y con extension .pdf por el usuario Tec. María Guadalupe', '2021-12-04 03:18:42', '2021-12-04 03:18:42'),
(689, 'Archivo Agregado', 'Se agrego archivo con el nombre FO-ASE-02 ESCUESTA DE SATISFACCIÓN DE ASESORÍA y con extension .pdf por el usuario Tec. María Guadalupe', '2021-12-04 03:19:35', '2021-12-04 03:19:35'),
(690, 'Archivo Agregado', 'Se agrego archivo con el nombre FO-TIR-01 ASESORÍAS y con extension .pdf por el usuario Tec. María Guadalupe', '2021-12-04 03:20:19', '2021-12-04 03:20:19'),
(691, 'Archivo Agregado', 'Se agrego archivo con el nombre MP-PED-07 SEGUIMIENTO A EGRESADOS y con extension .pdf por el usuario Tec. María Guadalupe', '2021-12-04 03:23:14', '2021-12-04 03:23:14'),
(692, 'Archivo Agregado', 'Se agrego archivo con el nombre SO-SEG-01 ENCUESTA DE SALIDA y con extension .pdf por el usuario Tec. María Guadalupe', '2021-12-04 03:27:09', '2021-12-04 03:27:09'),
(693, 'Archivo Agregado', 'Se agrego archivo con el nombre FO-SEG-02 CUESTIONARIO DE SEGUIMIENTO y con extension .pdf por el usuario Tec. María Guadalupe', '2021-12-04 03:27:49', '2021-12-04 03:27:49'),
(694, 'Archivo Agregado', 'Se agrego archivo con el nombre MP-PED-03 VISITAS GUIADAS y con extension .pdf por el usuario Tec. María Guadalupe', '2021-12-06 21:21:49', '2021-12-06 21:21:49'),
(695, 'Archivo Agregado', 'Se agrego archivo con el nombre FO-VIG-01 PROPUESTA Y SEGUIMIENTO DE VISITA GUIADA y con extension .pdf por el usuario Tec. María Guadalupe', '2021-12-06 21:22:57', '2021-12-06 21:22:57'),
(696, 'Archivo Agregado', 'Se agrego archivo con el nombre FO-VIG-02 CARTA RESPONSIVA DE VISITA GUIADA y con extension .pdf por el usuario Tec. María Guadalupe', '2021-12-06 21:24:15', '2021-12-06 21:24:15'),
(697, 'Archivo Agregado', 'Se agrego archivo con el nombre FO-VIG-03 LISTA DE ASISTENCIA Y SATISFACCIÓN DE VISITA GUIADA y con extension .pdf por el usuario Tec. María Guadalupe', '2021-12-06 21:25:04', '2021-12-06 21:25:04'),
(698, 'Archivo Agregado', 'Se agrego archivo con el nombre FO-VIG-04 CONTROL DE RECEPCIÓN DE DOCUMENTOS DE VISITAS GUIADAS y con extension .pdf por el usuario Tec. María Guadalupe', '2021-12-06 21:27:38', '2021-12-06 21:27:38'),
(699, 'Archivo Agregado', 'Se agrego archivo con el nombre FO-TIR-01 VISITAS GUIADAS y con extension .pdf por el usuario Tec. María Guadalupe', '2021-12-06 21:28:21', '2021-12-06 21:28:21'),
(700, 'Archivo Agregado', 'Se agrego archivo con el nombre MP-PED-04 ESTANCIAS Y ESTADÍA y con extension .pdf por el usuario Tec. María Guadalupe', '2021-12-06 21:33:46', '2021-12-06 21:33:46'),
(701, 'Archivo Agregado', 'Se agrego archivo con el nombre FO-EST-01 CARTA DE PRESENTACIÓN y con extension .pdf por el usuario Tec. María Guadalupe', '2021-12-06 21:34:44', '2021-12-06 21:34:44'),
(702, 'Archivo Agregado', 'Se agrego archivo con el nombre FO-EST-02 EVALUACIÓN POR LA EMPRESA POR ALUMNO y con extension .pdf por el usuario Tec. María Guadalupe', '2021-12-06 21:35:36', '2021-12-06 21:35:36'),
(703, 'Archivo Agregado', 'Se agrego archivo con el nombre FO-EST-03 LISTA DE COTEJO DEL PROYECTO y con extension .pdf por el usuario Tec. María Guadalupe', '2021-12-06 21:36:28', '2021-12-06 21:36:28'),
(704, 'Archivo Agregado', 'Se agrego archivo con el nombre FO-EST-04 LISTA DE COTEJO ACTITUD SER y con extension .pdf por el usuario Tec. María Guadalupe', '2021-12-06 21:37:59', '2021-12-06 21:37:59'),
(705, 'Archivo Agregado', 'Se agrego archivo con el nombre FO-EST-05 CALIFICACIÓN y con extension .pdf por el usuario Tec. María Guadalupe', '2021-12-06 21:39:38', '2021-12-06 21:39:38'),
(706, 'Archivo Agregado', 'Se agrego archivo con el nombre FO-EST-06 AUTORIZACIÓN DE IMPRESIÓN DE PROYECTO Y/O EDICIÓN ELECTRÓNICA y con extension .pdf por el usuario Tec. María Guadalupe', '2021-12-06 21:41:46', '2021-12-06 21:41:46'),
(707, 'Archivo Agregado', 'Se agrego archivo con el nombre FO-EST-07 CUESTIONARIO DE SALIDA ESTANCIA Y ESTADÍA y con extension .pdf por el usuario Tec. María Guadalupe', '2021-12-06 21:43:20', '2021-12-06 21:43:20'),
(708, 'Archivo Agregado', 'Se agrego archivo con el nombre FO-EST-08 ESCUESTA DE SATISFACCIÓN DEL SERVICIO DE ESTANCIAS /ESTADÍA POR ALUMNO y con extension .pdf por el usuario Tec. María Guadalupe', '2021-12-06 21:44:47', '2021-12-06 21:44:47'),
(709, 'Archivo Agregado', 'Se agrego archivo con el nombre FO-TIR-01 ESTANCIAS Y ESTADÍA y con extension .pdf por el usuario Tec. María Guadalupe', '2021-12-06 21:49:10', '2021-12-06 21:49:10'),
(710, 'Archivo Agregado', 'Se agrego archivo con el nombre MP-ABS-01 ADQUISICIÓN DE BIENES Y SERVICIOS y con extension .pdf por el usuario Tec. María Guadalupe', '2021-12-06 21:58:06', '2021-12-06 21:58:06'),
(711, 'Archivo Agregado', 'Se agrego archivo con el nombre FO-ABS-01 REQUISICIÓN DE COMPRA  DE MATERIALES Y/O CONTRATACIÓN DE SERVICIO y con extension .pdf por el usuario Tec. María Guadalupe', '2021-12-06 21:59:34', '2021-12-06 21:59:34'),
(712, 'Archivo Agregado', 'Se agrego archivo con el nombre FO-ABS-02 FORMATO PARA EVALUACIÓN DE PROVEEDORES y con extension .pdf por el usuario Tec. María Guadalupe', '2021-12-06 22:00:40', '2021-12-06 22:00:40'),
(713, 'Archivo Agregado', 'Se agrego archivo con el nombre FO-TIR-01 BIENES Y SERVICIOS y con extension .pdf por el usuario Tec. María Guadalupe', '2021-12-06 22:02:29', '2021-12-06 22:02:29'),
(714, 'Archivo Agregado', 'Se agrego archivo con el nombre MP-MAM-07 SALIDAS NO CONFORMES y con extension .pdf por el usuario Tec. María Guadalupe', '2021-12-06 22:05:39', '2021-12-06 22:05:39'),
(715, 'Archivo Agregado', 'Se agrego archivo con el nombre MP-MAM-07 SALIDAS NO CONFORMES y con extension .pdf por el usuario Tec. María Guadalupe', '2021-12-06 22:06:34', '2021-12-06 22:06:34'),
(716, 'Archivo Agregado', 'Se agrego archivo con el nombre FO-MAM-17 BITÁCORA DE SALIDAS NO CONFORMES y con extension .pdf por el usuario Tec. María Guadalupe', '2021-12-06 22:07:35', '2021-12-06 22:07:35'),
(717, 'Archivo Agregado', 'Se agrego archivo con el nombre FO-MAM-18 AVISO DE SALIDA NO CONFORME y con extension .pdf por el usuario Tec. María Guadalupe', '2021-12-06 22:08:33', '2021-12-06 22:08:33'),
(718, 'Archivo Agregado', 'Se agrego archivo con el nombre AC-SIG-07 EVALUACIÓN DOCENTE y con extension .pdf por el usuario Tec. María Guadalupe', '2021-12-06 22:15:44', '2021-12-06 22:15:44'),
(719, 'Archivo Agregado', 'Se agrego archivo con el nombre AC-SIG-07 EXTRACURRICULARES Y EXTENSIÓN UNIVERSITARIA y con extension .pdf por el usuario Tec. María Guadalupe', '2021-12-06 22:17:35', '2021-12-06 22:17:35'),
(720, 'Archivo Agregado', 'Se agrego archivo con el nombre AC-SIG-07 REGISTRO DE CALIFICACIONES y con extension .pdf por el usuario Tec. María Guadalupe', '2021-12-06 22:18:25', '2021-12-06 22:18:25'),
(721, 'Archivo Agregado', 'Se agrego archivo con el nombre AC-SIG-07 ACADEMICAS/INVESTIGACIÓN y con extension .pdf por el usuario Tec. María Guadalupe', '2021-12-06 22:19:34', '2021-12-06 22:19:34'),
(722, 'Archivo Agregado', 'Se agrego archivo con el nombre AC-SIG-07 CAPACITACIÓN DOCENTE y con extension .pdf por el usuario Tec. María Guadalupe', '2021-12-06 22:20:51', '2021-12-06 22:20:51'),
(723, 'Archivo Agregado', 'Se agrego archivo con el nombre AC-SIG-07 CONTRATACIÓN DE PERSONAL y con extension .pdf por el usuario Tec. María Guadalupe', '2021-12-06 22:21:35', '2021-12-06 22:21:35'),
(724, 'Archivo Agregado', 'Se agrego archivo con el nombre AC-SIG-07 BIBLIOTECA y con extension .pdf por el usuario Tec. María Guadalupe', '2021-12-06 22:22:23', '2021-12-06 22:22:23'),
(725, 'Archivo Agregado', 'Se agrego archivo con el nombre DR-SIG-02 TABLERO DE CONTROL AMBIENTAL CORTE AGOSTO y con extension .pdf por el usuario Tec. María Guadalupe', '2021-12-07 00:42:16', '2021-12-07 00:42:16'),
(726, 'Archivo Agregado', 'Se agrego archivo con el nombre DR-SIG-05 MANEJO Y DISPOSICIÓN RME (PILAS Y BATERIAS) y con extension .pdf por el usuario Tec. María Guadalupe', '2021-12-07 00:43:42', '2021-12-07 00:43:42'),
(727, 'Archivo Agregado', 'Se agrego archivo con el nombre PG-SIG-01 PROGRAMA PARA LOGRAR UN MANEJO ADECUADO DE LOS RSU Y DISMINUIR SU GENERACIÓN y con extension .pdf por el usuario Tec. María Guadalupe', '2021-12-07 00:45:05', '2021-12-07 00:45:05'),
(728, 'Archivo Agregado', 'Se agrego archivo con el nombre PG-SIG-02 PROGRAMA PARA DISMINUIR EL CONSUMO DE AGUA LOGRANDO EL USO RACIONAL DEL RECURSO y con extension .pdf por el usuario Tec. María Guadalupe', '2021-12-07 00:51:30', '2021-12-07 00:51:30'),
(729, 'Archivo Agregado', 'Se agrego archivo con el nombre PG-SIG-03 PROGRAMA PARA LOGRAR EL MANEJO ADECUADO DE LOS RME DERIVADO DEL USO DE PILAS Y BATERIAS y con extension .pdf por el usuario Tec. María Guadalupe', '2021-12-07 00:55:59', '2021-12-07 00:55:59'),
(730, 'Archivo Agregado', 'Se agrego archivo con el nombre PG-SIG-04 PROGRAMA PARA LOGRAR UN MANEJO ADECUADO DE LOS RP Y DISMINUIR SU GENERACIÓN y con extension .pdf por el usuario Tec. María Guadalupe', '2021-12-07 00:58:49', '2021-12-07 00:58:49'),
(731, 'Archivo Agregado', 'Se agrego archivo con el nombre PG-SIG-05 PROGRAMA PARA DISMINUIR EL CONSUMO DEL PAPEL BOND, LOGRANDO EL USO RACIONAL DEL RECURSO y con extension .pdf por el usuario Tec. María Guadalupe', '2021-12-07 01:03:02', '2021-12-07 01:03:02'),
(732, 'Archivo Agregado', 'Se agrego archivo con el nombre PG-ADA-01 PROGRAMA DE SIMULACROS y con extension .pdf por el usuario Tec. María Guadalupe', '2021-12-07 01:05:20', '2021-12-07 01:05:20'),
(733, 'Archivo Agregado', 'Se agrego archivo con el nombre PG-SIG-06 PROGRAMA PARA DISMINUIR EL CONSUMO DE ENERGÍA ELÉCTRICA y con extension .pdf por el usuario Tec. María Guadalupe', '2021-12-07 01:06:52', '2021-12-07 01:06:52'),
(734, 'Categoria Eliminada', 'Categoria PROCEDIMIENTOS ISO 14001:2015 (CARPETA 6) eliminada por Tec. María Guadalupe', '2021-12-07 01:25:22', '2021-12-07 01:25:22'),
(735, 'Archivo Agregado', 'Se agrego archivo con el nombre IDENTIFICACIÓN Y EVALUACIÓN  DE REQUISITOS LEGALES Y SUSCRITOS y con extension .pdf por el usuario Tec. María Guadalupe', '2021-12-07 01:31:49', '2021-12-07 01:31:49'),
(736, 'Archivo Agregado', 'Se agrego archivo con el nombre FO-ADA-03 IDENTIFICACIÓN Y EVALUACIÓN DE REQUISITOS LEGALES Y SUSCRITOS y con extension .pdf por el usuario Tec. María Guadalupe', '2021-12-07 01:33:10', '2021-12-07 01:33:10'),
(737, 'Archivo Agregado', 'Se agrego archivo con el nombre FO-ASD-04 PROGRAMA PARA EL CUMPLIMIENTO DE REQUSITOS y con extension .pdf por el usuario Tec. María Guadalupe', '2021-12-07 01:34:10', '2021-12-07 01:34:10'),
(738, 'Archivo Agregado', 'Se agrego archivo con el nombre MP-ADA-01 IDENTIFICACIÓN DE ASPECTOS AMBIENTALES E IMPACTOS y con extension .pdf por el usuario Tec. María Guadalupe', '2021-12-07 01:40:34', '2021-12-07 01:40:34'),
(739, 'Archivo Agregado', 'Se agrego archivo con el nombre FO-ADA-01 IDENTIFICACIÓN  DE ASPECTOS AMBIENTALES y con extension .pdf por el usuario Tec. María Guadalupe', '2021-12-07 01:42:19', '2021-12-07 01:42:19'),
(740, 'Archivo Agregado', 'Se agrego archivo con el nombre FO-ADA-02 MATRIZ DE EVALUACIÓN DE ASPECTOS AMBIENTALES Y CICLO DE VIDA y con extension .pdf por el usuario Tec. María Guadalupe', '2021-12-07 01:49:45', '2021-12-07 01:49:45'),
(741, 'Archivo Agregado', 'Se agrego archivo con el nombre MP-ADA-04 PREPARACIÓN Y RESPUESTA ANTE EMERGENCIAS y con extension .pdf por el usuario Tec. María Guadalupe', '2021-12-07 01:57:36', '2021-12-07 01:57:36'),
(742, 'Archivo Agregado', 'Se agrego archivo con el nombre FO-ADA-05 REPORTE DE EMERGENCIA SIMULACRO y con extension .pdf por el usuario Tec. María Guadalupe', '2021-12-07 01:58:44', '2021-12-07 01:58:44'),
(743, 'Archivo Agregado', 'Se agrego archivo con el nombre FO-ADA-07 PLAN DE REPUESTA ANTE EMERGENCIA y con extension .pdf por el usuario Tec. María Guadalupe', '2021-12-07 01:59:31', '2021-12-07 01:59:31'),
(744, 'Archivo Agregado', 'Se agrego archivo con el nombre MP-MAM-05 CONTROL, SEGUIMIENTO Y MEDICIÓN OPERACIONAL y con extension .pdf por el usuario Tec. María Guadalupe', '2021-12-07 03:52:38', '2021-12-07 03:52:38'),
(745, 'Archivo Agregado', 'Se agrego archivo con el nombre MP-REH-02 COMPRTENCIA, FORMACIÓN  Y TOMA DE CONCIENCIA y con extension .pdf por el usuario Tec. María Guadalupe', '2021-12-07 03:57:18', '2021-12-07 03:57:18'),
(746, 'Archivo Agregado', 'Se agrego archivo con el nombre FO-REH-03 y con extension .pdf por el usuario Tec. María Guadalupe', '2021-12-07 04:00:58', '2021-12-07 04:00:58'),
(747, 'Archivo movido a carpeta', 'Archivo  MP-REH-02 MANUAL DE PROCEDIMIENTOS DE COMPETENCIA, FORMACIÓN Y TOMA DE CONCIENCIA movido a Obsoletos por Usuario Tec. María Guadalupe', '2021-12-07 04:03:01', '2021-12-07 04:03:01'),
(748, 'Archivo movido a carpeta', 'Archivo  FO-REH-03 PROGRAMA ANUAL DE CAPACITACIÓN movido a Obsoletos por Usuario Tec. María Guadalupe', '2021-12-07 04:03:14', '2021-12-07 04:03:14'),
(749, 'Archivo movido a carpeta', 'Archivo  MP-ADA-01 IDENTIFICACIÓN DE ASPECTOS AMBIENTALES E IMPACTOS movido a Obsoletos por Usuario Tec. María Guadalupe', '2021-12-07 04:04:12', '2021-12-07 04:04:12'),
(750, 'Archivo movido a carpeta', 'Archivo  fo-ada-01 movido a Obsoletos por Usuario Tec. María Guadalupe', '2021-12-07 04:04:24', '2021-12-07 04:04:24'),
(751, 'Archivo movido a carpeta', 'Archivo  fo-ada-02 movido a Obsoletos por Usuario Tec. María Guadalupe', '2021-12-07 04:04:31', '2021-12-07 04:04:31'),
(752, 'Archivo movido a carpeta', 'Archivo  MP-ADA-02 MANUAL DE PROCEDIMIENTOS DE IDENTIFICACIÓN DE REQUISITOS LEGALES Y SUSCRITOS movido a Ruta Fuente por Usuario Tec. María Guadalupe', '2021-12-07 04:04:45', '2021-12-07 04:04:45'),
(753, 'Archivo movido a carpeta', 'Archivo  FO-ADA-03 IDENTIFICACIÓN Y EVALUACIÓN DE REQUISITOS LEGALES Y SUSCRITOS movido a Derogados por Usuario Tec. María Guadalupe', '2021-12-07 04:05:20', '2021-12-07 04:05:20'),
(754, 'Archivo movido a carpeta', 'Archivo  FO-ADA-04 PROGRAMA PARA EL CUMPLIMIENTO DE REQUISITOS movido a Obsoletos por Usuario Tec. María Guadalupe', '2021-12-07 04:05:25', '2021-12-07 04:05:25'),
(755, 'Archivo movido a carpeta', 'Archivo  MP-ADA-04 MANUAL DE PROCEDIMIENTOS DE PREPARACIÓN Y RESPUESTA movido a Obsoletos por Usuario Tec. María Guadalupe', '2021-12-07 04:05:33', '2021-12-07 04:05:33'),
(756, 'Archivo movido a carpeta', 'Archivo  FO-ADA-05 REPORTE DE EMERGENCIA SIMULACRO movido a Obsoletos por Usuario Tec. María Guadalupe', '2021-12-07 04:05:41', '2021-12-07 04:05:41'),
(757, 'Archivo movido a carpeta', 'Archivo  FO-ADA-05 REPORTE DE EMERGENCIA SIMULACRO movido a Obsoletos por Usuario Tec. María Guadalupe', '2021-12-07 04:05:52', '2021-12-07 04:05:52'),
(758, 'Archivo movido a carpeta', 'Archivo  FO-ADA-07 PLAN DE RESPUESTA A EMERGENCIA movido a Obsoletos por Usuario Tec. María Guadalupe', '2021-12-07 04:06:19', '2021-12-07 04:06:19'),
(759, 'Archivo movido a carpeta', 'Archivo  MP-MAM-05 MANUAL DE PROCEDIMIENTOS DE SEGIMIENTO Y MEDICIÓN OPERACIONAL movido a Obsoletos por Usuario Tec. María Guadalupe', '2021-12-07 04:06:59', '2021-12-07 04:06:59'),
(760, 'Archivo movido a carpeta', 'Archivo  MP-MAM-05 MANUAL DE PROCEDIMIENTOS DE SEGIMIENTO Y MEDICIÓN OPERACIONAL movido a Obsoletos por Usuario Tec. María Guadalupe', '2021-12-07 04:07:05', '2021-12-07 04:07:05'),
(761, 'Archivo movido a carpeta', 'Archivo  FO-ADA-06 MATRIZ DEL PROCEDIMIENTO PARA EL CONTROL OPERACIONAL movido a Obsoletos por Usuario Tec. María Guadalupe', '2021-12-07 04:07:14', '2021-12-07 04:07:14'),
(762, 'Archivo movido a carpeta', 'Archivo  DR-SIG-02 TABLERO DE CONTROL AMBIENTAL movido a Obsoletos por Usuario Tec. María Guadalupe', '2021-12-07 04:07:23', '2021-12-07 04:07:23'),
(763, 'Archivo movido a carpeta', 'Archivo  FO-MAM-13 INFORME DEL SEGUIMIENTO Y MEDICION OPERACIONAL movido a Obsoletos por Usuario Tec. María Guadalupe', '2021-12-07 04:07:40', '2021-12-07 04:07:40'),
(764, 'Archivo movido a carpeta', 'Archivo  FO-MAM-14 PROGRAMA DE CALIBRACIÓN AJUSTE SEGUIMIENTO movido a Obsoletos por Usuario Tec. María Guadalupe', '2021-12-07 04:07:48', '2021-12-07 04:07:48'),
(765, 'Archivo movido a carpeta', 'Archivo  FO-MAM-15 BITACORA DE CALIBRACIÓN AJUSTE SEGUIMIENTO movido a Obsoletos por Usuario Tec. María Guadalupe', '2021-12-07 04:08:05', '2021-12-07 04:08:05'),
(766, 'Archivo movido a carpeta', 'Archivo  MI-SIG-02 MANUAL DEL SIDTEMA DE GESTIÓN AMBIENTAL movido a Obsoletos por Usuario Tec. María Guadalupe', '2021-12-07 04:08:25', '2021-12-07 04:08:25'),
(767, 'Archivo movido a carpeta', 'Archivo  DR-SIG-03 OBJETIVO AMBIENTAL 2020 movido a Obsoletos por Usuario Tec. María Guadalupe', '2021-12-07 04:08:34', '2021-12-07 04:08:34'),
(768, 'Archivo movido a carpeta', 'Archivo  DR-SIG-01 INTERACCIÓN DE ELEMENTOS DEL SISTEMA DE GESTIÓN AMBI movido a Obsoletos por Usuario Tec. María Guadalupe', '2021-12-07 04:09:02', '2021-12-07 04:09:02'),
(769, 'Archivo movido a carpeta', 'Archivo  DR-SIG-07 DIAGRAMA DE ADMINISTRACIÓN AMBIENTAL movido a Obsoletos por Usuario Tec. María Guadalupe', '2021-12-07 04:09:10', '2021-12-07 04:09:10'),
(770, 'Archivo movido a carpeta', 'Archivo  DR-SIG-08 DIAGRAMA DE MEDICIÓN ANALISIS Y MEJORA movido a Obsoletos por Usuario Tec. María Guadalupe', '2021-12-07 04:09:17', '2021-12-07 04:09:17'),
(771, 'Archivo movido a carpeta', 'Archivo  FO-ASD-01 LISTA MAESTRA DE CONTROL DE DOCUMENTOS movido a Obsoletos por Usuario Tec. María Guadalupe', '2021-12-07 04:10:06', '2021-12-07 04:10:06'),
(772, 'Archivo movido a carpeta', 'Archivo  FO-ASD-02 LISTA DE CONTROL DE DOCUMENTOS EXTERNOS movido a Obsoletos por Usuario Tec. María Guadalupe', '2021-12-07 04:10:15', '2021-12-07 04:10:15'),
(773, 'Archivo movido a carpeta', 'Archivo  FO-ASD-03 LISTA MAESTRA DE REGISTROS movido a Obsoletos por Usuario Tec. María Guadalupe', '2021-12-07 04:10:22', '2021-12-07 04:10:22'),
(774, 'Categoria Eliminada', 'Categoria 14001 eliminada por Tec. María Guadalupe', '2021-12-07 04:11:04', '2021-12-07 04:11:04'),
(775, 'Archivo movido a carpeta', 'Archivo  MP-PED-02 MANUAL DE PROCEDIMIENTOS DE ASESORIAS movido a Obsoletos por Usuario Tec. María Guadalupe', '2021-12-07 04:11:27', '2021-12-07 04:11:27'),
(776, 'Archivo movido a carpeta', 'Archivo  FO-ASD-01 REGISTRO DE ASESORÍA movido a Obsoletos por Usuario Tec. María Guadalupe', '2021-12-07 04:11:33', '2021-12-07 04:11:33'),
(777, 'Archivo movido a carpeta', 'Archivo  FO-ASD-01 REGISTRO DE ASESORÍA movido a Obsoletos por Usuario Tec. María Guadalupe', '2021-12-07 04:11:38', '2021-12-07 04:11:38'),
(778, 'Archivo movido a carpeta', 'Archivo  FO-ASE-02 ENCUESTA DE SATISFACCIÓN DE ASESORIA movido a Obsoletos por Usuario Tec. María Guadalupe', '2021-12-07 04:11:46', '2021-12-07 04:11:46'),
(779, 'Archivo movido a carpeta', 'Archivo  FO-TIR-01 TABLA DE IDENTIFICACIÓN DE RIESGOS DE ASESORIAS movido a Obsoletos por Usuario Tec. María Guadalupe', '2021-12-07 04:11:54', '2021-12-07 04:11:54'),
(780, 'Archivo movido a carpeta', 'Archivo  MP-PED-01 MANUAL DE PROCEDIMIENTOS DE TUTORÍAS movido a Obsoletos por Usuario Tec. María Guadalupe', '2021-12-07 04:12:18', '2021-12-07 04:12:18'),
(781, 'Archivo movido a carpeta', 'Archivo  FO-TUT-01 REGISTRO DE TUTORÍA  INDIVIDUAL movido a Obsoletos por Usuario Tec. María Guadalupe', '2021-12-07 04:13:57', '2021-12-07 04:13:57'),
(782, 'Archivo movido a carpeta', 'Archivo  FO-TUT-02 REGISTRO DE TUTORÍA GRUPAL movido a Obsoletos por Usuario Tec. María Guadalupe', '2021-12-07 04:15:15', '2021-12-07 04:15:15'),
(783, 'Archivo movido a carpeta', 'Archivo  FO-TUT-02 REGISTRO DE TUTORÍA GRUPAL movido a Obsoletos por Usuario Tec. María Guadalupe', '2021-12-07 04:15:15', '2021-12-07 04:15:15'),
(784, 'Archivo movido a carpeta', 'Archivo  FO-TUT-03 BITÁCORA DE CIERRE DE CUATRIMESTRE DE TUTORÍAS movido a Obsoletos por Usuario Tec. María Guadalupe', '2021-12-07 04:15:22', '2021-12-07 04:15:22'),
(785, 'Archivo movido a carpeta', 'Archivo  FO-TIR-01 TABLA DE IDENTIFICACIÓN DE RIESGOS DE TUTORÍAS movido a Obsoletos por Usuario Tec. María Guadalupe', '2021-12-07 04:15:29', '2021-12-07 04:15:29'),
(786, 'Archivo movido a carpeta', 'Archivo  DR-PED-01 CRITERIOS DE SELECCIÓN,ASIGNACIÓN Y VALIDACIÓN movido a Obsoletos por Usuario Tec. María Guadalupe', '2021-12-07 04:15:36', '2021-12-07 04:15:36'),
(787, 'Archivo movido a carpeta', 'Archivo  FO-VPT-01 VALIDACIÓN DEL PERFIL DEL TUTOR movido a Obsoletos por Usuario Tec. María Guadalupe', '2021-12-07 04:17:23', '2021-12-07 04:17:23'),
(788, 'Archivo movido a carpeta', 'Archivo  MP-INS-01 MANUAL DE PROCEDIMIENTOS INSCRIPCIÓN movido a Obsoletos por Usuario Tec. María Guadalupe', '2021-12-07 04:19:14', '2021-12-07 04:19:14'),
(789, 'Archivo movido a carpeta', 'Archivo  MP-INS-01 MANUAL DE PROCEDIMIENTOS INSCRIPCIÓN movido a Obsoletos por Usuario Tec. María Guadalupe', '2021-12-07 04:19:40', '2021-12-07 04:19:40'),
(790, 'Archivo movido a carpeta', 'Archivo  FO-INS-02 FICHA DE INSCRIPCIÓN movido a Obsoletos por Usuario Tec. María Guadalupe', '2021-12-07 04:21:35', '2021-12-07 04:21:35'),
(791, 'Archivo movido a carpeta', 'Archivo  FO-INS-04 ENCUESTA DE SATISFACCIÓN DE CLIENTE movido a Obsoletos por Usuario Tec. María Guadalupe', '2021-12-07 04:21:42', '2021-12-07 04:21:42'),
(792, 'Archivo movido a carpeta', 'Archivo  FO-TIR-01 TABLA DE IDENTIFICACIÓN DE RIESGOS DE INSCRIPCIÓN movido a Obsoletos por Usuario Tec. María Guadalupe', '2021-12-07 04:21:50', '2021-12-07 04:21:50'),
(793, 'Archivo movido a carpeta', 'Archivo  DPINS-SIG-01 PROCESO DE INSCRIPCIÓN movido a Obsoletos por Usuario Tec. María Guadalupe', '2021-12-07 04:21:59', '2021-12-07 04:21:59'),
(794, 'Archivo movido a carpeta', 'Archivo  MP-REI-01 MANUAL DE PROCEDIMIENTOS REINSCRIPCIÓN movido a Obsoletos por Usuario Tec. María Guadalupe', '2021-12-07 04:22:05', '2021-12-07 04:22:05'),
(795, 'Archivo movido a carpeta', 'Archivo  DPREI-SIG-01 PROCESO DE REINSCRIPCIÓN movido a Obsoletos por Usuario Tec. María Guadalupe', '2021-12-07 04:22:13', '2021-12-07 04:22:13'),
(796, 'Archivo movido a carpeta', 'Archivo  FO-REI-01 FICHA DE REINSCRIPCIÓN movido a Obsoletos por Usuario Tec. María Guadalupe', '2021-12-07 04:22:20', '2021-12-07 04:22:20'),
(797, 'Archivo movido a carpeta', 'Archivo  FO-INS-04 ENCUESTA DE SATISFACCIÓN DEL CLIENTE movido a Obsoletos por Usuario Tec. María Guadalupe', '2021-12-07 04:22:26', '2021-12-07 04:22:26'),
(798, 'Archivo movido a carpeta', 'Archivo  FO-TIR-01 TABLA DE IDENTIFICACIÓN DE RIESGOS DE REINSCRIPCIÓN movido a Obsoletos por Usuario Tec. María Guadalupe', '2021-12-07 04:22:37', '2021-12-07 04:22:37'),
(799, 'Archivo movido a carpeta', 'Archivo  FO-TIR-01 TABLA DE IDENTIFICACIÓN DE RIESGOS DE REINSCRIPCIÓN movido a Obsoletos por Usuario Tec. María Guadalupe', '2021-12-07 04:22:43', '2021-12-07 04:22:43'),
(800, 'Archivo movido a carpeta', 'Archivo  FO-ABS-01 REQUISICIÓN DE COMPRA DE MATERIALES Y O CONTRATACIÓN DE SERVICIOS movido a Obsoletos por Usuario Tec. María Guadalupe', '2021-12-07 04:24:16', '2021-12-07 04:24:16'),
(801, 'Archivo movido a carpeta', 'Archivo  MP-ABS-01 MANUAL DE PROCEDIMIENTOS DE ADQUSICIÓN DE BIENES Y SERVICIOS movido a Obsoletos por Usuario Tec. María Guadalupe', '2021-12-07 04:24:24', '2021-12-07 04:24:24'),
(802, 'Archivo movido a carpeta', 'Archivo  FO-ABS-02 FORMATO PARA EVALUACION DE PROVEEDORES movido a Obsoletos por Usuario Tec. María Guadalupe', '2021-12-07 04:24:31', '2021-12-07 04:24:31'),
(803, 'Archivo movido a carpeta', 'Archivo  FO-TIR-01 TIR DE ADQUISICIÓN DE BIENES Y SERVICIOS movido a Obsoletos por Usuario Tec. María Guadalupe', '2021-12-07 04:24:37', '2021-12-07 04:24:37'),
(804, 'Archivo movido a carpeta', 'Archivo  MP-PED-04 MANUAL DE PROCEDIMIENTOS ESTANCIAS Y ESTADÍA movido a Obsoletos por Usuario Tec. María Guadalupe', '2021-12-07 04:24:44', '2021-12-07 04:24:44'),
(805, 'Archivo movido a carpeta', 'Archivo  FO-EST-01 CARTA DE PRESENTACIÓN movido a Obsoletos por Usuario Tec. María Guadalupe', '2021-12-07 04:24:55', '2021-12-07 04:24:55'),
(806, 'Archivo movido a carpeta', 'Archivo  FO-EST-02 EVALUACIÓN POR LA EMPRESA movido a Obsoletos por Usuario Tec. María Guadalupe', '2021-12-07 04:25:03', '2021-12-07 04:25:03'),
(807, 'Archivo movido a carpeta', 'Archivo  FO-EST-03 LISTA DE COTEJO DE PROYECTO movido a Obsoletos por Usuario Tec. María Guadalupe', '2021-12-07 04:25:11', '2021-12-07 04:25:11'),
(808, 'Archivo movido a carpeta', 'Archivo  FO-EST-04 LISTA DE COTEJO ACTITUD-SER movido a Obsoletos por Usuario Tec. María Guadalupe', '2021-12-07 04:25:20', '2021-12-07 04:25:20'),
(809, 'Archivo movido a carpeta', 'Archivo  FO-EST-05 CALIFICACIÓN movido a Obsoletos por Usuario Tec. María Guadalupe', '2021-12-07 04:25:29', '2021-12-07 04:25:29'),
(810, 'Archivo movido a carpeta', 'Archivo  FO-EST-06 AUTORIZACIÓN DE IMPRESIÓN DE PROYECTO Y O EDICIÓN ELECTRONICA movido a Obsoletos por Usuario Tec. María Guadalupe', '2021-12-07 04:28:44', '2021-12-07 04:28:44'),
(811, 'Archivo movido a carpeta', 'Archivo  FO-EST-07 CUESTIONARIO DE SALIDA DE ESTANCIAS Y ESTADÍA movido a Obsoletos por Usuario Tec. María Guadalupe', '2021-12-07 04:28:53', '2021-12-07 04:28:53'),
(812, 'Archivo movido a carpeta', 'Archivo  FO-EST-08 ENCUESTA DE SATISFACCIÓN DEL SERVICIO DE ESTANCIAS ESTADÍA POR EL ALUMNO movido a Obsoletos por Usuario Tec. María Guadalupe', '2021-12-07 04:29:00', '2021-12-07 04:29:00'),
(813, 'Archivo movido a carpeta', 'Archivo  FO-EST-09 CARTA DE PRESENTACIÓN movido a Obsoletos por Usuario Tec. María Guadalupe', '2021-12-07 04:29:12', '2021-12-07 04:29:12'),
(814, 'Archivo movido a carpeta', 'Archivo  FO-TIR-01 TIR ESTANCIAS Y ESTADÍA movido a Obsoletos por Usuario Tec. María Guadalupe', '2021-12-07 04:29:21', '2021-12-07 04:29:21'),
(815, 'Archivo movido a carpeta', 'Archivo  MP-PED-03 MANUAL DE PROCEDIMIENTOS VISITAS  GUIADAS movido a Obsoletos por Usuario Tec. María Guadalupe', '2021-12-07 04:29:28', '2021-12-07 04:29:28'),
(816, 'Archivo movido a carpeta', 'Archivo  FO-VIG-01 PROPUESTA Y SEGUIMIENTO DE VISITA GUIADA movido a Obsoletos por Usuario Tec. María Guadalupe', '2021-12-07 04:32:00', '2021-12-07 04:32:00'),
(817, 'Archivo movido a carpeta', 'Archivo  FO-VIG-02 CARTA RESPONSIVA DE VISITA GUIADA movido a Obsoletos por Usuario Tec. María Guadalupe', '2021-12-07 04:32:09', '2021-12-07 04:32:09'),
(818, 'Archivo movido a carpeta', 'Archivo  FO-VIG-03 LISTA DE ASISTENCIA DE VISITAS GUIADAS movido a Obsoletos por Usuario Tec. María Guadalupe', '2021-12-07 04:32:24', '2021-12-07 04:32:24'),
(819, 'Archivo movido a carpeta', 'Archivo  FO-VIG-04 CONTROL DE RECEPCIÓN DE DOCUMENTACIÓN DE VISITAS GUIADAS movido a Obsoletos por Usuario Tec. María Guadalupe', '2021-12-07 04:32:33', '2021-12-07 04:32:33'),
(820, 'Archivo movido a carpeta', 'Archivo  FO-VIG-05 CUESTIONARIO DE VALORACIÓN Y APRECIACIÓN DE LA VISITA GUIADA movido a Obsoletos por Usuario Tec. María Guadalupe', '2021-12-07 04:33:04', '2021-12-07 04:33:04'),
(821, 'Archivo movido a carpeta', 'Archivo  FO-TIR-01 TABLA DE IDENTIFICACIÓN DE RIESGOS DE VISITAS GUIADA movido a Obsoletos por Usuario Tec. María Guadalupe', '2021-12-07 04:33:12', '2021-12-07 04:33:12'),
(822, 'Archivo movido a carpeta', 'Archivo  MP-PED-05 MANUAL DE PROCEDIMIENTOS PLANEACIÓN Y SEGUIMIENTO DIDÁCTICO movido a Obsoletos por Usuario Tec. María Guadalupe', '2021-12-07 04:33:31', '2021-12-07 04:33:31'),
(823, 'Archivo movido a carpeta', 'Archivo  FO-PED-01 PLANEACIÓN DE ASIGNATURA movido a Obsoletos por Usuario Tec. María Guadalupe', '2021-12-07 04:35:59', '2021-12-07 04:35:59'),
(824, 'Subcategoria Eliminada', 'La Subcategoria  Planeación y Seguimiento Didáctico fue eliminada por Usuario Tec. María Guadalupe', '2021-12-07 04:36:43', '2021-12-07 04:36:43'),
(825, 'Archivo movido a carpeta', 'Archivo  MP-PED-06 MANUAL DE PROCEDIMIENTOS DE TITULACIÓN movido a Obsoletos por Usuario Tec. María Guadalupe', '2021-12-07 04:36:52', '2021-12-07 04:36:52'),
(826, 'Archivo movido a carpeta', 'Archivo  FO-TIT-01 FORMATO DE NO ADEUDO PARA TITULACIÓN movido a Obsoletos por Usuario Tec. María Guadalupe', '2021-12-07 04:37:00', '2021-12-07 04:37:00'),
(827, 'Archivo movido a carpeta', 'Archivo  MI-SIG-01 MANUAL DE CALIDAD movido a Obsoletos por Usuario Tec. María Guadalupe', '2021-12-07 04:37:10', '2021-12-07 04:37:10'),
(828, 'Archivo movido a carpeta', 'Archivo  DR-SIG-06 OBJETIVOS DE CALIDAD movido a Obsoletos por Usuario Tec. María Guadalupe', '2021-12-07 04:37:20', '2021-12-07 04:37:20'),
(829, 'Archivo movido a carpeta', 'Archivo  DIIP-SIG-01 DIAGRAMA DE IDNTIFICACIÓN E INTERACCIÓN DE PROCESOS DEL SGC movido a Obsoletos por Usuario Tec. María Guadalupe', '2021-12-07 04:37:28', '2021-12-07 04:37:28'),
(830, 'Archivo movido a carpeta', 'Archivo  FODA-SIG-01 FODA DE CALIDAD movido a Obsoletos por Usuario Tec. María Guadalupe', '2021-12-07 04:37:37', '2021-12-07 04:37:37'),
(831, 'Archivo movido a carpeta', 'Archivo  FO-ASD-01 LISTA MAESTRA DE CONTROL DE DOCUMENTOS movido a Obsoletos por Usuario Tec. María Guadalupe', '2021-12-07 04:37:46', '2021-12-07 04:37:46'),
(832, 'Archivo movido a carpeta', 'Archivo  FO-ASD-03 LISTA MAESTRA DE REGISTROS movido a Obsoletos por Usuario Tec. María Guadalupe', '2021-12-07 04:38:03', '2021-12-07 04:38:03'),
(833, 'Archivo movido a carpeta', 'Archivo  DPE-SIG-01 PROCESO EDUCATIVO movido a Obsoletos por Usuario Tec. María Guadalupe', '2021-12-07 04:38:14', '2021-12-07 04:38:14'),
(834, 'Archivo movido a carpeta', 'Archivo  AC-SIG-07 ACTIVIDADES DEL SIG movido a Obsoletos por Usuario Tec. María Guadalupe', '2021-12-07 04:38:31', '2021-12-07 04:38:31');
INSERT INTO `movimiento_usuario` (`id`, `movimiento`, `informe`, `created_at`, `updated_at`) VALUES
(835, 'Archivo movido a carpeta', 'Archivo  FO-TIR-01 TABLA DE IDENTIFICACIÓN DE RIESGOS movido a Obsoletos por Usuario Tec. María Guadalupe', '2021-12-07 04:38:47', '2021-12-07 04:38:47'),
(836, 'Archivo movido a carpeta', 'Archivo  PR-PED-01 PROGRAMA DE ACTIVIDADES movido a Obsoletos por Usuario Tec. María Guadalupe', '2021-12-07 04:39:00', '2021-12-07 04:39:00'),
(837, 'Archivo movido a carpeta', 'Archivo  TI-SIG-01 TABLA DE INDICADORES movido a Obsoletos por Usuario Tec. María Guadalupe', '2021-12-07 04:41:01', '2021-12-07 04:41:01'),
(838, 'Archivo movido a carpeta', 'Archivo  MP-MAM-07 MANUAL DE PROCEDIMIENTOS SALIDAS NO CONFORMES movido a Obsoletos por Usuario Tec. María Guadalupe', '2021-12-07 04:41:40', '2021-12-07 04:41:40'),
(839, 'Archivo movido a carpeta', 'Archivo  FO-MAM-17  BITÁCORA DE SALIDAS NO CONFORMES movido a Obsoletos por Usuario Tec. María Guadalupe', '2021-12-07 04:41:51', '2021-12-07 04:41:51'),
(840, 'Archivo movido a carpeta', 'Archivo  FO-MAM-18 AVISO DE SALIDA NO CONFORME movido a Obsoletos por Usuario Tec. María Guadalupe', '2021-12-07 04:42:00', '2021-12-07 04:42:00'),
(841, 'Categoria Eliminada', 'Categoria 9001 eliminada por Tec. María Guadalupe', '2021-12-07 04:42:14', '2021-12-07 04:42:14'),
(842, 'Archivo movido a carpeta', 'Archivo  VISIÓN movido a Obsoletos por Usuario Tec. María Guadalupe', '2021-12-07 04:43:40', '2021-12-07 04:43:40'),
(843, 'Archivo movido a carpeta', 'Archivo  POL-SIG-01 POLITICA DE CALIDAD Y GESTION AMBIENTAL movido a Obsoletos por Usuario Tec. María Guadalupe', '2021-12-07 04:43:45', '2021-12-07 04:43:45'),
(844, 'Archivo movido a carpeta', 'Archivo  MA-SIG-04 MATRIZ DE IDENTIFICACIÓN DE PARTES INTERESADAS movido a Obsoletos por Usuario Tec. María Guadalupe', '2021-12-07 04:43:51', '2021-12-07 04:43:51'),
(845, 'Archivo movido a carpeta', 'Archivo  MA-SIG-04 MATRIZ DE IDENTIFICACIÓN DE PARTES INTERESADAS movido a Obsoletos por Usuario Tec. María Guadalupe', '2021-12-07 04:43:56', '2021-12-07 04:43:56'),
(846, 'Archivo movido a carpeta', 'Archivo  BMC-UPT-01 BITACOR DE MANTENIMIENTO CORRECTIVO movido a Obsoletos por Usuario Tec. María Guadalupe', '2021-12-07 04:44:01', '2021-12-07 04:44:01'),
(847, 'Archivo movido a carpeta', 'Archivo  PMA-UPT-01 PROGRAMA DE MANTENIMIENTO ANUAL movido a Obsoletos por Usuario Tec. María Guadalupe', '2021-12-07 04:44:06', '2021-12-07 04:44:06'),
(848, 'Archivo movido a carpeta', 'Archivo  MISIÓN movido a Obsoletos por Usuario Tec. María Guadalupe', '2021-12-07 04:44:11', '2021-12-07 04:44:11'),
(849, 'Archivo movido a carpeta', 'Archivo  MP-MAM-02 MANUAL DE PROCEDIMIENTOS DE ACCIONES CORRECTIVAS movido a Obsoletos por Usuario Tec. María Guadalupe', '2021-12-07 04:44:18', '2021-12-07 04:44:18'),
(850, 'Archivo movido a carpeta', 'Archivo  FO-MAM-07 BITÁCORA DE HALLAZGOS movido a Obsoletos por Usuario Tec. María Guadalupe', '2021-12-07 04:44:24', '2021-12-07 04:44:24'),
(851, 'Archivo movido a carpeta', 'Archivo  FO-MAM-09 ACCIÓN CORRECTIVA Y DE MEJORA movido a Obsoletos por Usuario Tec. María Guadalupe', '2021-12-07 04:44:29', '2021-12-07 04:44:29'),
(852, 'Archivo movido a carpeta', 'Archivo  FO-MAM-07 BITÁCORA DE HALLAZGO movido a Obsoletos por Usuario Tec. María Guadalupe', '2021-12-07 04:44:36', '2021-12-07 04:44:36'),
(853, 'Archivo movido a carpeta', 'Archivo  FO-MAM-09 ACCIÓN CORRECTIVA Y DE MEJORA movido a Obsoletos por Usuario Tec. María Guadalupe', '2021-12-07 04:44:42', '2021-12-07 04:44:42'),
(854, 'Archivo movido a carpeta', 'Archivo  FO-MAM-02 PLAN DE AUDITORÍA movido a Obsoletos por Usuario Tec. María Guadalupe', '2021-12-07 04:44:58', '2021-12-07 04:44:58'),
(855, 'Archivo movido a carpeta', 'Archivo  MP-MAM-01 MANUAL DE PROCEDIMIENTOS DE AUDITORIAS INTERNAS movido a Obsoletos por Usuario Tec. María Guadalupe', '2021-12-07 04:45:04', '2021-12-07 04:45:04'),
(856, 'Archivo movido a carpeta', 'Archivo  FO-MAM-01 PROGRAMA DE AUDITORÍAS movido a Obsoletos por Usuario Tec. María Guadalupe', '2021-12-07 04:45:09', '2021-12-07 04:45:09'),
(857, 'Archivo movido a carpeta', 'Archivo  FO-MAM-03 LISTA DE VERIFICACIÓN movido a Obsoletos por Usuario Tec. María Guadalupe', '2021-12-07 04:45:18', '2021-12-07 04:45:18'),
(858, 'Archivo movido a carpeta', 'Archivo  FO-MAM-04 NOTIFICACIÓN DE AUDITORIA INTERNA movido a Obsoletos por Usuario Tec. María Guadalupe', '2021-12-07 04:45:29', '2021-12-07 04:45:29'),
(859, 'Archivo movido a carpeta', 'Archivo  FO-MAM-04 NOTIFICACIÓN DE AUDITORIA INTERNA movido a Obsoletos por Usuario Tec. María Guadalupe', '2021-12-07 04:45:29', '2021-12-07 04:45:29'),
(860, 'Archivo movido a carpeta', 'Archivo  FO-MAM-08 EVALUACIÓN DEL AUDITOR movido a Obsoletos por Usuario Tec. María Guadalupe', '2021-12-07 04:45:35', '2021-12-07 04:45:35'),
(861, 'Archivo movido a carpeta', 'Archivo  FO-MAM-06 INFORME DE AUDITORÍA movido a Obsoletos por Usuario Tec. María Guadalupe', '2021-12-07 04:45:42', '2021-12-07 04:45:42'),
(862, 'Archivo movido a carpeta', 'Archivo  FO-MAM-06 INFORME DE AUDITORÍA movido a Obsoletos por Usuario Tec. María Guadalupe', '2021-12-07 04:46:23', '2021-12-07 04:46:23'),
(863, 'Archivo movido a carpeta', 'Archivo  FO-MAM-05 LISTA DE ASISTENCIA DE AUDITORIA movido a Obsoletos por Usuario Tec. María Guadalupe', '2021-12-07 04:46:28', '2021-12-07 04:46:28'),
(864, 'Archivo movido a carpeta', 'Archivo  FO-MAM-01 PROGRAMA DE AUDITORÍAS movido a Obsoletos por Usuario Tec. María Guadalupe', '2021-12-07 04:48:08', '2021-12-07 04:48:08'),
(865, 'Archivo movido a carpeta', 'Archivo  FO-MAM-02 PLAN DE AUDITORÍA movido a Obsoletos por Usuario Tec. María Guadalupe', '2021-12-07 04:48:17', '2021-12-07 04:48:17'),
(866, 'Archivo movido a carpeta', 'Archivo  FO-MAM-03 LISTA DE VERIFICACIÓN movido a Obsoletos por Usuario Tec. María Guadalupe', '2021-12-07 04:48:42', '2021-12-07 04:48:42'),
(867, 'Archivo movido a carpeta', 'Archivo  FO-MAM-04 NOTIFICACIÓN DE AUDITORÍA INTERNA movido a Obsoletos por Usuario Tec. María Guadalupe', '2021-12-07 04:48:48', '2021-12-07 04:48:48'),
(868, 'Archivo movido a carpeta', 'Archivo  FO-MAM-05 LISTA DE ASISTENCIA DE AUDITORÍA movido a Obsoletos por Usuario Tec. María Guadalupe', '2021-12-07 04:48:54', '2021-12-07 04:48:54'),
(869, 'Archivo movido a carpeta', 'Archivo  FO-MAM-06 INFORME DE AUDITORÍA movido a Obsoletos por Usuario Tec. María Guadalupe', '2021-12-07 04:49:00', '2021-12-07 04:49:00'),
(870, 'Archivo movido a carpeta', 'Archivo  FO-MAM-08 EVALUACIÓN DEL AUDITOR movido a Obsoletos por Usuario Tec. María Guadalupe', '2021-12-07 04:49:06', '2021-12-07 04:49:06'),
(871, 'Archivo movido a carpeta', 'Archivo  MP-CIE-01 MANUAL DE PROCEDIMIENTOS COMUNICACIÓN INTERNA Y EXTERNA movido a Obsoletos por Usuario Tec. María Guadalupe', '2021-12-07 04:50:44', '2021-12-07 04:50:44'),
(872, 'Archivo movido a carpeta', 'Archivo  FO-CIE-01 movido a Obsoletos por Usuario Tec. María Guadalupe', '2021-12-07 04:51:02', '2021-12-07 04:51:02'),
(873, 'Archivo movido a carpeta', 'Archivo  FO-CIE-02 ENCUESTA DE SATISFACCIÓN DEL SERVICIO DE COMUNICACIÓN movido a Obsoletos por Usuario Tec. María Guadalupe', '2021-12-07 04:51:19', '2021-12-07 04:51:19'),
(874, 'Archivo movido a carpeta', 'Archivo  FO-CIE-01 SOLICITUD DE COMUNICACIÓN movido a Obsoletos por Usuario Tec. María Guadalupe', '2021-12-07 04:51:29', '2021-12-07 04:51:29'),
(875, 'Archivo movido a carpeta', 'Archivo  FO-CIE-02 ENCUESTA DE SATISFACCIÓN DEL SERVICIO DE COMUNICACIÓN movido a Obsoletos por Usuario Tec. María Guadalupe', '2021-12-07 04:51:36', '2021-12-07 04:51:36'),
(876, 'Archivo movido a carpeta', 'Archivo  MP-ASD-01 MANUAL DE PROCEDIMIENTOS DE CONTROL DE DOCUMENTO movido a Obsoletos por Usuario Tec. María Guadalupe', '2021-12-07 04:51:43', '2021-12-07 04:51:43'),
(877, 'Archivo movido a carpeta', 'Archivo  FO-ASD-02 LISTA DE CONTROL DE DOCUMENTOS EXTERNOS movido a Obsoletos por Usuario Tec. María Guadalupe', '2021-12-07 04:51:50', '2021-12-07 04:51:50'),
(878, 'Archivo movido a carpeta', 'Archivo  FO-ASD-01 LISTA MAESTRA DE CONTROL DE DOCUMENTOS movido a Obsoletos por Usuario Tec. María Guadalupe', '2021-12-07 04:52:05', '2021-12-07 04:52:05'),
(879, 'Archivo movido a carpeta', 'Archivo  FO-ASD-01 LISTA MAESTRA DE CONTROL DE DOCUMENTOS movido a Obsoletos por Usuario Tec. María Guadalupe', '2021-12-07 04:52:12', '2021-12-07 04:52:12'),
(880, 'Archivo movido a carpeta', 'Archivo  FO-ASD-02 LISTA DE CONTROL DE DOCUMENTOS EXTERNOS movido a Obsoletos por Usuario Tec. María Guadalupe', '2021-12-07 04:52:18', '2021-12-07 04:52:18'),
(881, 'Archivo movido a carpeta', 'Archivo  MP-ASD-02 MANUAL DE PROCEDIMIENTOS CONTROL DE REGISTROS movido a Obsoletos por Usuario Tec. María Guadalupe', '2021-12-07 04:52:37', '2021-12-07 04:52:37'),
(882, 'Archivo movido a carpeta', 'Archivo  MP-ASD-02 MANUAL DE PROCEDIMIENTOS CONTROL DE REGISTROS movido a Obsoletos por Usuario Tec. María Guadalupe', '2021-12-07 04:52:43', '2021-12-07 04:52:43'),
(883, 'Archivo movido a carpeta', 'Archivo  FO-MAM-16 PROGRAMA DE REVISIÓN POR LA DIRECCIÓN movido a Obsoletos por Usuario Tec. María Guadalupe', '2021-12-07 04:52:54', '2021-12-07 04:52:54'),
(884, 'Archivo movido a carpeta', 'Archivo  FO-MAM-16 PROGRAMA DE REVISIÓN POR LA DIRECCIÓN movido a Obsoletos por Usuario Tec. María Guadalupe', '2021-12-07 04:53:03', '2021-12-07 04:53:03'),
(885, 'Archivo movido a carpeta', 'Archivo  MP-MAM-06 MANUAL DE PROCEDIMIENTOS REVISIÓN POR LA DIRECCIÓN movido a Obsoletos por Usuario Tec. María Guadalupe', '2021-12-07 04:54:07', '2021-12-07 04:54:07'),
(886, 'Archivo movido a carpeta', 'Archivo  FO-ASD-03 LISTA MAESTRA DE REGISTROS movido a Obsoletos por Usuario Tec. María Guadalupe', '2021-12-07 04:54:18', '2021-12-07 04:54:18'),
(887, 'Archivo movido a carpeta', 'Archivo  FO-ASD-03 LISTA MAESTRA DE REGISTROS movido a Obsoletos por Usuario Tec. María Guadalupe', '2021-12-07 04:54:39', '2021-12-07 04:54:39'),
(888, 'Categoria Eliminada', 'Categoria Procedimientos 9001 y 14001 eliminada por Tec. María Guadalupe', '2021-12-07 04:54:55', '2021-12-07 04:54:55'),
(889, 'Categoria Eliminada', 'Categoria Programas, Tableros y Matrices eliminada por Tec. María Guadalupe', '2021-12-07 04:56:30', '2021-12-07 04:56:30'),
(890, 'Archivo Agregado', 'Se agrego archivo con el nombre MP-PED-05 PLANEACIÓN Y SEGUIMIENTO DIDÁCTICO y con extension .pdf por el usuario Tec. María Guadalupe', '2021-12-07 05:02:07', '2021-12-07 05:02:07'),
(891, 'Archivo Agregado', 'Se agrego archivo con el nombre FO-PED-01 PLANEACIÓN DE ASIGNATURA y con extension .pdf por el usuario Tec. María Guadalupe', '2021-12-07 05:02:58', '2021-12-07 05:02:58'),
(892, 'Archivo Agregado', 'Se agrego archivo con el nombre FO-PED-02 SEGUIMIENTO A LA PLANEACIÓN y con extension .pdf por el usuario Tec. María Guadalupe', '2021-12-07 05:03:42', '2021-12-07 05:03:42'),
(893, 'Archivo Agregado', 'Se agrego archivo con el nombre FO-PED-03 EVALUACIÓN PAR y con extension .pdf por el usuario Tec. María Guadalupe', '2021-12-07 05:04:31', '2021-12-07 05:04:31'),
(894, 'Archivo Agregado', 'Se agrego archivo con el nombre FO-PED-04 LISTA DE COTEJO DE PORTAFOLIO DE EVIDENCIAS y con extension .pdf por el usuario Tec. María Guadalupe', '2021-12-07 05:05:07', '2021-12-07 05:05:07'),
(895, 'Archivo Agregado', 'Se agrego archivo con el nombre FO-PED-05 SISTEMA DE EVALUACIÓN DEL DESEMPEÑO DOCENTE y con extension .pdf por el usuario Tec. María Guadalupe', '2021-12-07 05:05:46', '2021-12-07 05:05:46'),
(896, 'Archivo Agregado', 'Se agrego archivo con el nombre FO-PED-06 MONITOREO DEL DESEMPEÑO DOCENTE y con extension .pdf por el usuario Tec. María Guadalupe', '2021-12-07 05:06:26', '2021-12-07 05:06:26'),
(897, 'Archivo Agregado', 'Se agrego archivo con el nombre FO-TIR-01 PLANEACIÓN Y SEGUIMIENTO DIDÁCTICO y con extension .pdf por el usuario Tec. María Guadalupe', '2021-12-07 05:06:54', '2021-12-07 05:06:54'),
(898, 'Archivo Agregado', 'Se agrego archivo con el nombre prueba y con extension .pdf por el usuario Tec. María Guadalupe', '2021-12-11 06:54:22', '2021-12-11 06:54:22'),
(899, 'Archivo Agregado', 'Se agrego archivo con el nombre FODA-SIG-01 9001 y con extension .pdf por el usuario Tec. María Guadalupe', '2021-12-11 06:58:05', '2021-12-11 06:58:05'),
(900, 'Archivo Agregado', 'Se agrego archivo con el nombre FODA-SIG-02 14001 y con extension .pdf por el usuario Tec. María Guadalupe', '2021-12-11 06:58:42', '2021-12-11 06:58:42'),
(901, 'Archivo Agregado', 'Se agrego archivo con el nombre PR-PED--01 PROGRAMA DE ACTIVIDADES DE INVESTIGACIÓN  ENERO-ABRIL 2021 PLANEADO y con extension .pdf por el usuario Tec. María Guadalupe', '2021-12-11 08:04:54', '2021-12-11 08:04:54'),
(902, 'Archivo Agregado', 'Se agrego archivo con el nombre PR-PED-01 PROGRAMA DE ACTIVIDADES DE INVESTIGACIÓN ENERO-ABRIL 2021 REALIZADO y con extension .pdf por el usuario Tec. María Guadalupe', '2021-12-11 08:07:07', '2021-12-11 08:07:07'),
(903, 'Archivo Agregado', 'Se agrego archivo con el nombre PR-PED-01 PROGRAMA DE ACTIVIDADES DE INVESTIGACIÓN MAYO-AGOSTO 2021 PLANEADO y con extension .pdf por el usuario Tec. María Guadalupe', '2021-12-11 08:08:01', '2021-12-11 08:08:01'),
(904, 'Archivo Agregado', 'Se agrego archivo con el nombre PR-PED-01 PROGRAMA DE ACTIVIDADES DE INVESTIGACIÓN MAYO-AGOSTO 2021 REALIZADO y con extension .pdf por el usuario Tec. María Guadalupe', '2021-12-11 08:08:28', '2021-12-11 08:08:28'),
(905, 'Archivo Agregado', 'Se agrego archivo con el nombre PR-PED-01 PROGRAMA DE ACTIVIDADES DE INVESTIGACIÓN SEPTIEMBRE-DICIEMBRE 2021 PLANEADO y con extension .pdf por el usuario Tec. María Guadalupe', '2021-12-11 08:09:14', '2021-12-11 08:09:14'),
(906, 'Archivo Agregado', 'Se agrego archivo con el nombre PR-PED-01 PROGRAMA DE ACTIVIDADES DE INVESTIGACIÓN SEPTIEMBRE-DICIEMBRE 2021 PLANEAD y con extension .pdf por el usuario Tec. María Guadalupe', '2021-12-11 08:09:55', '2021-12-11 08:09:55'),
(907, 'Archivo Agregado', 'Se agrego archivo con el nombre PR-PED-01 PROGRAMA DE ACTIVIDADES DE INVESTIGACIÓN SEPTIEMBRE-DICIEMBRE 2021 REALIZADO y con extension .pdf por el usuario Tec. María Guadalupe', '2021-12-11 08:11:36', '2021-12-11 08:11:36'),
(908, 'Archivo Agregado', 'Se agrego archivo con el nombre PR-PED-01 PROGRAMA DE ACTIVIDADES ACADÉMICAS ENERO-ABRIL 2021 PLANEADO y con extension .pdf por el usuario Tec. María Guadalupe', '2021-12-11 08:25:33', '2021-12-11 08:25:33'),
(909, 'Archivo Agregado', 'Se agrego archivo con el nombre PR-PED-01 PROGRAMA DE ACTIVIDADES ACADÉMICAS ENERO-ABRIL 2021 REALIZADO y con extension .pdf por el usuario Tec. María Guadalupe', '2021-12-11 08:25:57', '2021-12-11 08:25:57'),
(910, 'Archivo Agregado', 'Se agrego archivo con el nombre PR-PED-01 PROGRAMA DE ACTIVIDADES ACADÉMICAS MAYO-AGOSTO 2021 PLANEADO y con extension .pdf por el usuario Tec. María Guadalupe', '2021-12-11 08:29:31', '2021-12-11 08:29:31'),
(911, 'Archivo Agregado', 'Se agrego archivo con el nombre PR-PED-01 PROGRAMA DE ACTIVIDADES ACADÉMICAS MAYO-AGOSTO 2021 REALIZADO y con extension .pdf por el usuario Tec. María Guadalupe', '2021-12-11 08:30:02', '2021-12-11 08:30:02'),
(912, 'Archivo Agregado', 'Se agrego archivo con el nombre PR-PED-01 PROGRAMA DE ACTIVIDADES ACADÉMICAS SEPTIEMBRE-DICIEMBRE 2021 PLANEADO y con extension .pdf por el usuario Tec. María Guadalupe', '2021-12-11 08:34:28', '2021-12-11 08:34:28'),
(913, 'Archivo Agregado', 'Se agrego archivo con el nombre PR-PED-01 PROGRAMA DE ACTIVIDADES ACADÉMICAS SEPTIEMBRE-DICIEMBRE 2021 REALIZADO y con extension .pdf por el usuario Tec. María Guadalupe', '2021-12-11 08:34:56', '2021-12-11 08:34:56'),
(914, 'Archivo Agregado', 'Se agrego archivo con el nombre PR-PED-01 PROGRAMA DE CULTURA EMPRENDEDORA ENERO-ABRIL 2021 PLANEADO y con extension .pdf por el usuario Tec. María Guadalupe', '2021-12-11 08:47:00', '2021-12-11 08:47:00'),
(915, 'Archivo Agregado', 'Se agrego archivo con el nombre PR-PED-01 PROGRAMA DE CULTURA EMPRENDEDORA ENERO-ABRIL 2021 REALIZADO y con extension .pdf por el usuario Tec. María Guadalupe', '2021-12-11 08:48:27', '2021-12-11 08:48:27'),
(916, 'Archivo Agregado', 'Se agrego archivo con el nombre PR-PED-01 PROGRAMA DE CULTURA EMPRENDEDORA MAYO-AGOSTO 2021 PLANEADO y con extension .pdf por el usuario Tec. María Guadalupe', '2021-12-11 08:49:07', '2021-12-11 08:49:07'),
(917, 'Archivo Agregado', 'Se agrego archivo con el nombre PR-PED-01 PROGRAMA DE CULTURA EMPRENDEDORA MAYO-AGOSTO 2021 REALIZADO y con extension .pdf por el usuario Tec. María Guadalupe', '2021-12-11 08:49:43', '2021-12-11 08:49:43'),
(918, 'Archivo Agregado', 'Se agrego archivo con el nombre PR-PED-01 PROGRAMA DE CULTURA EMPRENDEDORA SEPTIEMBRE-DICIEMBRE 2021 PLANEADO y con extension .pdf por el usuario Tec. María Guadalupe', '2021-12-11 08:50:18', '2021-12-11 08:50:18'),
(919, 'Archivo Agregado', 'Se agrego archivo con el nombre PR-PED-01 PROGRAMA DE CULTURA EMPRENDEDORA SEPTIEMBRE-DICIEMBRE 2021 REALIZADO y con extension .pdf por el usuario Tec. María Guadalupe', '2021-12-11 08:50:52', '2021-12-11 08:50:52'),
(920, 'Archivo Agregado', 'Se agrego archivo con el nombre mi-sig-01 manual de calidad y con extension .pdf por el usuario Tec. María Guadalupe', '2021-12-13 22:57:23', '2021-12-13 22:57:23'),
(921, 'Archivo Agregado', 'Se agrego archivo con el nombre FO-ASD-01 LISTA MAESTRA DE CONTROL DE DOCUMENTOS y con extension .pdf por el usuario Tec. María Guadalupe', '2021-12-13 23:02:34', '2021-12-13 23:02:34'),
(922, 'Archivo Agregado', 'Se agrego archivo con el nombre FO-ASD-02 LISTA DE CONTROL DE DOCUMENTOS EXTERNOS y con extension .pdf por el usuario Tec. María Guadalupe', '2021-12-13 23:04:03', '2021-12-13 23:04:03'),
(923, 'Archivo Agregado', 'Se agrego archivo con el nombre FO-ASD-01 LISTA MAESTRA DE CONTROL DE DOCUMENTOS y con extension .pdf por el usuario Tec. María Guadalupe', '2021-12-13 23:06:24', '2021-12-13 23:06:24'),
(924, 'Archivo Agregado', 'Se agrego archivo con el nombre FO-ASD-02 LISTA DE CONTROL DE DOCUMENTOS EXTERNOS y con extension .pdf por el usuario Tec. María Guadalupe', '2021-12-13 23:07:30', '2021-12-13 23:07:30'),
(925, 'Archivo Agregado', 'Se agrego archivo con el nombre FO-ASD-01 LISTA MAESTRA DE CONTROL DE DOCUMENTOS y con extension .pdf por el usuario Tec. María Guadalupe', '2021-12-13 23:20:23', '2021-12-13 23:20:23'),
(926, 'Archivo Agregado', 'Se agrego archivo con el nombre fo-asd-03 lista maestra de registros y con extension .pdf por el usuario Tec. María Guadalupe', '2021-12-13 23:21:48', '2021-12-13 23:21:48'),
(927, 'Archivo Agregado', 'Se agrego archivo con el nombre FO-ASD-01 LISTA MAESTRA DE CONTROL DE DOCUMENTOS 14001 y con extension .pdf por el usuario Tec. María Guadalupe', '2021-12-13 23:22:55', '2021-12-13 23:22:55'),
(928, 'Archivo Agregado', 'Se agrego archivo con el nombre fo-asd-03 lista maestra de registros 14001 y con extension .pdf por el usuario Tec. María Guadalupe', '2021-12-13 23:23:36', '2021-12-13 23:23:36'),
(929, 'Archivo movido a carpeta', 'Archivo  MP-MAM-06  REVISIÓN POR LA DIRECCIÓN movido a Obsoletos por Usuario Tec. María Guadalupe', '2022-05-17 22:38:06', '2022-05-17 22:38:06'),
(930, 'Archivo Agregado', 'Se agrego archivo con el nombre FO-PED-01 planeacion-de-asignatura y con extension .pdf por el usuario Tec. María Guadalupe', '2022-05-17 22:42:51', '2022-05-17 22:42:51'),
(931, 'Archivo Agregado', 'Se agrego archivo con el nombre FO-PED-02 seguimiento-a-la-planeacion y con extension .pdf por el usuario Tec. María Guadalupe', '2022-05-17 22:43:15', '2022-05-17 22:43:15'),
(932, 'Archivo Agregado', 'Se agrego archivo con el nombre FO-PED-03 evaluacion-par y con extension .pdf por el usuario Tec. María Guadalupe', '2022-05-17 22:43:41', '2022-05-17 22:43:41'),
(933, 'Archivo Agregado', 'Se agrego archivo con el nombre FO-PED-04 lista-de-cotejo-de-portafolio-de-evidencias y con extension .pdf por el usuario Tec. María Guadalupe', '2022-05-17 22:43:59', '2022-05-17 22:43:59'),
(934, 'Archivo Agregado', 'Se agrego archivo con el nombre FO-PED-05 sistema-de-evaluacion-del-desempeno-docente y con extension .pdf por el usuario Tec. María Guadalupe', '2022-05-17 22:44:19', '2022-05-17 22:44:19'),
(935, 'Archivo Agregado', 'Se agrego archivo con el nombre FO-PED-06 monitoreo-del-desempeno-docente. y con extension .pdf por el usuario Tec. María Guadalupe', '2022-05-17 22:44:43', '2022-05-17 22:44:43'),
(936, 'Archivo Agregado', 'Se agrego archivo con el nombre fo-tir-01-planeacion-y-seguimiento-didactico y con extension .pdf por el usuario Tec. María Guadalupe', '2022-05-17 22:45:17', '2022-05-17 22:45:17'),
(937, 'Archivo movido a carpeta', 'Archivo  AC-SIG-07 REGISTRO DE CALIFICACIONES movido a Obsoletos por Usuario Tec. María Guadalupe', '2022-05-19 02:18:59', '2022-05-19 02:18:59'),
(938, 'Archivo Agregado', 'Se agrego archivo con el nombre AC-SIG-07 REGISTRO DE CALIFICACIONES y con extension .pdf por el usuario Tec. María Guadalupe', '2022-05-19 02:19:20', '2022-05-19 02:19:20'),
(939, 'Archivo Agregado', 'Se agrego archivo con el nombre MP-MAM-06 revision-por-la-direccion y con extension .pdf por el usuario Tec. María Guadalupe', '2022-05-19 03:38:15', '2022-05-19 03:38:15');

-- --------------------------------------------------------

--
-- Estructura de tabla para la tabla `sesion_usuario`
--

CREATE TABLE `sesion_usuario` (
  `id` int(11) NOT NULL,
  `usuarioId` int(11) NOT NULL,
  `created_at` timestamp NOT NULL DEFAULT current_timestamp() ON UPDATE current_timestamp(),
  `updated_at` timestamp NOT NULL DEFAULT '0000-00-00 00:00:00'
) ENGINE=InnoDB DEFAULT CHARSET=utf8 COLLATE=utf8_spanish_ci;

--
-- Volcado de datos para la tabla `sesion_usuario`
--

INSERT INTO `sesion_usuario` (`id`, `usuarioId`, `created_at`, `updated_at`) VALUES
(1, 1, '2019-02-22 04:35:08', '2019-02-22 04:35:08'),
(2, 1, '2019-02-23 01:35:58', '2019-02-23 01:35:58'),
(3, 1, '2019-02-23 04:18:32', '2019-02-23 04:18:32'),
(4, 1, '2019-02-23 05:43:00', '2019-02-23 05:43:00'),
(5, 1, '2019-02-23 06:00:02', '2019-02-23 06:00:02'),
(6, 4, '2019-02-26 02:48:18', '2019-02-26 02:48:18'),
(7, 4, '2019-02-26 05:11:52', '2019-02-26 05:11:52'),
(8, 4, '2019-03-01 02:04:53', '2019-03-01 02:04:53'),
(9, 5, '2019-03-01 03:53:52', '2019-03-01 03:53:52'),
(10, 5, '2019-03-01 03:55:31', '2019-03-01 03:55:31'),
(11, 5, '2019-03-01 03:56:38', '2019-03-01 03:56:38'),
(12, 5, '2019-03-01 03:57:45', '2019-03-01 03:57:45'),
(13, 6, '2019-03-01 04:24:05', '2019-03-01 04:24:05'),
(14, 17, '2019-03-01 04:32:01', '2019-03-01 04:32:01'),
(15, 7, '2019-03-01 04:35:36', '2019-03-01 04:35:36'),
(16, 8, '2019-03-01 04:54:57', '2019-03-01 04:54:57'),
(17, 9, '2019-03-01 04:57:29', '2019-03-01 04:57:29'),
(18, 10, '2019-03-01 04:59:13', '2019-03-01 04:59:13'),
(19, 11, '2019-03-01 05:02:29', '2019-03-01 05:02:29'),
(20, 12, '2019-03-01 05:05:22', '2019-03-01 05:05:22'),
(21, 13, '2019-03-01 05:07:31', '2019-03-01 05:07:31'),
(22, 14, '2019-03-01 05:09:19', '2019-03-01 05:09:19'),
(23, 15, '2019-03-01 05:12:01', '2019-03-01 05:12:01'),
(24, 16, '2019-03-01 05:13:32', '2019-03-01 05:13:32'),
(25, 5, '2019-03-01 06:43:11', '2019-03-01 06:43:11'),
(26, 11, '2019-03-01 06:56:13', '2019-03-01 06:56:13'),
(27, 4, '2019-03-06 08:22:29', '2019-03-06 08:22:29'),
(28, 16, '2019-03-06 09:25:14', '2019-03-06 09:25:14'),
(29, 16, '2019-03-06 09:25:22', '2019-03-06 09:25:22'),
(30, 16, '2019-03-06 09:29:46', '2019-03-06 09:29:46'),
(31, 16, '2019-03-06 10:47:13', '2019-03-06 10:47:13'),
(32, 4, '2019-03-07 02:57:10', '2019-03-07 02:57:10'),
(33, 4, '2019-03-07 03:48:10', '2019-03-07 03:48:10'),
(34, 8, '2019-03-07 05:59:51', '2019-03-07 05:59:51'),
(35, 4, '2019-03-07 11:05:39', '2019-03-07 11:05:39'),
(36, 8, '2019-03-07 21:32:40', '2019-03-07 21:32:40'),
(37, 16, '2019-03-07 22:43:36', '2019-03-07 22:43:36'),
(38, 4, '2019-03-08 00:13:08', '2019-03-08 00:13:08'),
(39, 15, '2019-03-08 01:30:18', '2019-03-08 01:30:18'),
(40, 4, '2019-03-08 01:31:45', '2019-03-08 01:31:45'),
(41, 15, '2019-03-08 01:32:32', '2019-03-08 01:32:32'),
(42, 18, '2019-03-08 01:38:00', '2019-03-08 01:38:00'),
(43, 18, '2019-03-08 01:51:45', '2019-03-08 01:51:45'),
(44, 15, '2019-03-08 01:52:14', '2019-03-08 01:52:14'),
(45, 15, '2019-03-08 01:58:54', '2019-03-08 01:58:54'),
(46, 5, '2019-03-08 02:25:41', '2019-03-08 02:25:41'),
(47, 20, '2019-03-08 02:30:48', '2019-03-08 02:30:48'),
(48, 20, '2019-03-08 02:31:05', '2019-03-08 02:31:05'),
(49, 5, '2019-03-08 02:31:06', '2019-03-08 02:31:06'),
(50, 20, '2019-03-08 02:32:27', '2019-03-08 02:32:27'),
(51, 15, '2019-03-08 02:41:48', '2019-03-08 02:41:48'),
(52, 4, '2019-03-08 04:01:31', '2019-03-08 04:01:31'),
(53, 20, '2019-03-08 04:20:20', '2019-03-08 04:20:20'),
(54, 7, '2019-03-08 05:23:12', '2019-03-08 05:23:12'),
(55, 10, '2019-03-08 05:56:40', '2019-03-08 05:56:40'),
(56, 23, '2019-03-08 05:59:38', '2019-03-08 05:59:38'),
(57, 21, '2019-03-08 06:08:25', '2019-03-08 06:08:25'),
(58, 10, '2019-03-08 06:09:50', '2019-03-08 06:09:50'),
(59, 10, '2019-03-08 06:11:14', '2019-03-08 06:11:14'),
(60, 20, '2019-03-08 06:34:59', '2019-03-08 06:34:59'),
(61, 4, '2019-03-08 06:37:55', '2019-03-08 06:37:55'),
(62, 11, '2019-03-08 07:17:55', '2019-03-08 07:17:55'),
(63, 11, '2019-03-08 07:31:47', '2019-03-08 07:31:47'),
(64, 9, '2019-03-08 07:33:23', '2019-03-08 07:33:23'),
(65, 12, '2019-03-08 07:39:05', '2019-03-08 07:39:05'),
(66, 12, '2019-03-08 07:40:43', '2019-03-08 07:40:43'),
(67, 4, '2019-03-08 08:11:25', '2019-03-08 08:11:25'),
(68, 21, '2019-03-08 08:19:43', '2019-03-08 08:19:43'),
(69, 4, '2019-03-08 08:20:21', '2019-03-08 08:20:21'),
(70, 4, '2019-03-08 08:28:40', '2019-03-08 08:28:40'),
(71, 4, '2019-03-08 08:30:27', '2019-03-08 08:30:27'),
(72, 4, '2019-03-08 08:32:49', '2019-03-08 08:32:49'),
(73, 24, '2019-03-08 09:13:52', '2019-03-08 09:13:52'),
(74, 22, '2019-03-08 09:19:49', '2019-03-08 09:19:49'),
(75, 25, '2019-03-08 10:18:15', '2019-03-08 10:18:15'),
(76, 4, '2019-03-08 11:15:43', '2019-03-08 11:15:43'),
(77, 4, '2019-03-08 18:27:56', '2019-03-08 18:27:56'),
(78, 9, '2019-03-08 21:09:42', '2019-03-08 21:09:42'),
(79, 12, '2019-03-08 21:43:04', '2019-03-08 21:43:04'),
(80, 10, '2019-03-08 22:54:50', '2019-03-08 22:54:50'),
(81, 10, '2019-03-08 22:54:52', '2019-03-08 22:54:52'),
(82, 17, '2019-03-08 22:55:20', '2019-03-08 22:55:20'),
(83, 11, '2019-03-08 23:22:29', '2019-03-08 23:22:29'),
(84, 9, '2019-03-08 23:41:26', '2019-03-08 23:41:26'),
(85, 26, '2019-03-09 00:14:37', '2019-03-09 00:14:37'),
(86, 12, '2019-03-09 01:01:01', '2019-03-09 01:01:01'),
(87, 12, '2019-03-09 01:03:53', '2019-03-09 01:03:53'),
(88, 23, '2019-03-10 22:02:30', '2019-03-10 22:02:30'),
(89, 23, '2019-03-10 22:05:45', '2019-03-10 22:05:45'),
(90, 17, '2019-03-11 04:47:10', '2019-03-11 04:47:10'),
(91, 17, '2019-03-11 21:05:11', '2019-03-11 21:05:11'),
(92, 15, '2019-03-12 06:43:59', '2019-03-12 06:43:59'),
(93, 17, '2019-03-12 07:45:06', '2019-03-12 07:45:06'),
(94, 4, '2019-03-12 19:45:48', '2019-03-12 19:45:48'),
(95, 20, '2019-03-12 21:02:22', '2019-03-12 21:02:22'),
(96, 16, '2019-03-12 22:14:36', '2019-03-12 22:14:36'),
(97, 26, '2019-03-12 22:38:18', '2019-03-12 22:38:18'),
(98, 13, '2019-03-12 22:57:36', '2019-03-12 22:57:36'),
(99, 16, '2019-03-13 00:20:34', '2019-03-13 00:20:34'),
(100, 17, '2019-03-13 00:54:12', '2019-03-13 00:54:12'),
(101, 4, '2019-03-13 05:01:39', '2019-03-13 05:01:39'),
(102, 26, '2019-03-20 00:34:01', '2019-03-20 00:34:01'),
(103, 4, '2019-03-20 01:34:32', '2019-03-20 01:34:32'),
(104, 4, '2019-03-20 05:30:09', '2019-03-20 05:30:09'),
(105, 4, '2019-03-23 02:50:06', '2019-03-23 02:50:06'),
(106, 4, '2019-03-23 05:28:07', '2019-03-23 05:28:07'),
(107, 19, '2019-03-25 22:40:25', '2019-03-25 22:40:25'),
(108, 19, '2019-03-26 04:33:25', '2019-03-26 04:33:25'),
(109, 17, '2019-03-27 23:00:02', '2019-03-27 23:00:02'),
(110, 17, '2019-03-28 00:18:51', '2019-03-28 00:18:51'),
(111, 4, '2019-03-28 05:40:03', '2019-03-28 05:40:03'),
(112, 21, '2019-03-30 06:02:06', '2019-03-30 06:02:06'),
(113, 19, '2019-04-16 01:04:05', '2019-04-16 01:04:05'),
(114, 4, '2019-04-23 04:07:44', '2019-04-23 04:07:44'),
(115, 26, '2019-04-27 01:33:35', '2019-04-27 01:33:35'),
(116, 26, '2019-04-27 06:41:40', '2019-04-27 06:41:40'),
(117, 19, '2019-05-04 08:24:44', '2019-05-04 08:24:44'),
(118, 26, '2019-05-08 05:23:43', '2019-05-08 05:23:43'),
(119, 5, '2019-05-15 03:30:34', '2019-05-15 03:30:34'),
(120, 19, '2019-05-15 20:56:53', '2019-05-15 20:56:53'),
(121, 1, '2019-05-27 22:31:42', '2019-05-27 22:31:42'),
(122, 1, '2019-05-29 20:41:48', '2019-05-29 20:41:48'),
(123, 4, '2019-06-03 20:46:31', '2019-06-03 20:46:31'),
(124, 4, '2019-06-10 21:42:56', '2019-06-10 21:42:56'),
(125, 19, '2019-06-13 21:06:01', '2019-06-13 21:06:01'),
(126, 19, '2019-06-13 21:24:02', '2019-06-13 21:24:02'),
(127, 4, '2019-06-13 21:54:45', '2019-06-13 21:54:45'),
(128, 27, '2019-06-19 21:36:29', '2019-06-19 21:36:29'),
(129, 27, '2019-06-19 21:36:32', '2019-06-19 21:36:32'),
(130, 27, '2019-06-19 21:36:34', '2019-06-19 21:36:34'),
(131, 5, '2019-06-27 02:19:27', '2019-06-27 02:19:27'),
(132, 19, '2019-07-06 04:05:28', '2019-07-06 04:05:28'),
(133, 26, '2019-08-22 11:17:11', '2019-08-22 11:17:11'),
(134, 4, '2019-08-23 03:56:16', '2019-08-23 03:56:16'),
(135, 26, '2019-08-29 03:54:20', '2019-08-29 03:54:20'),
(136, 4, '2019-09-09 23:39:40', '2019-09-09 23:39:40'),
(137, 16, '2019-09-13 03:22:43', '2019-09-13 03:22:43'),
(138, 4, '2019-09-13 03:28:39', '2019-09-13 03:28:39'),
(139, 16, '2019-09-13 03:29:33', '2019-09-13 03:29:33'),
(140, 4, '2019-09-27 02:56:48', '2019-09-27 02:56:48'),
(141, 19, '2019-10-04 20:00:12', '2019-10-04 20:00:12'),
(142, 19, '2019-10-05 00:58:31', '2019-10-05 00:58:31'),
(143, 28, '2019-10-06 00:20:56', '2019-10-06 00:20:56'),
(144, 17, '2019-10-07 22:35:37', '2019-10-07 22:35:37'),
(145, 11, '2019-10-07 22:38:30', '2019-10-07 22:38:30'),
(146, 11, '2019-10-08 03:57:21', '2019-10-08 03:57:21'),
(147, 17, '2019-10-08 07:26:14', '2019-10-08 07:26:14'),
(148, 17, '2019-10-08 15:55:49', '2019-10-08 15:55:49'),
(149, 33, '2019-10-08 19:15:06', '2019-10-08 19:15:06'),
(150, 33, '2019-10-08 19:17:06', '2019-10-08 19:17:06'),
(151, 17, '2019-10-08 20:46:15', '2019-10-08 20:46:15'),
(152, 33, '2019-10-08 22:09:12', '2019-10-08 22:09:12'),
(153, 9, '2019-10-08 22:20:38', '2019-10-08 22:20:38'),
(154, 33, '2019-10-08 23:10:33', '2019-10-08 23:10:33'),
(155, 9, '2019-10-09 05:03:01', '2019-10-09 05:03:01'),
(156, 9, '2019-10-09 05:03:41', '2019-10-09 05:03:41'),
(157, 17, '2019-10-09 20:51:44', '2019-10-09 20:51:44'),
(158, 33, '2019-10-10 00:29:15', '2019-10-10 00:29:15'),
(159, 17, '2019-10-10 09:54:06', '2019-10-10 09:54:06'),
(160, 17, '2019-10-10 15:11:10', '2019-10-10 15:11:10'),
(161, 17, '2019-10-10 19:32:11', '2019-10-10 19:32:11'),
(162, 9, '2019-10-10 19:46:09', '2019-10-10 19:46:09'),
(163, 11, '2019-10-10 21:44:33', '2019-10-10 21:44:33'),
(164, 9, '2019-10-10 22:14:14', '2019-10-10 22:14:14'),
(165, 17, '2019-10-30 04:40:56', '2019-10-30 04:40:56'),
(166, 5, '2019-11-07 21:53:34', '2019-11-07 21:53:34'),
(167, 17, '2019-11-14 08:00:36', '2019-11-14 08:00:36'),
(168, 22, '2019-11-21 21:14:22', '2019-11-21 21:14:22'),
(169, 22, '2019-11-21 21:15:15', '2019-11-21 21:15:15'),
(170, 17, '2020-02-12 21:33:39', '2020-02-12 21:33:39'),
(171, 26, '2020-02-13 01:54:01', '2020-02-13 01:54:01'),
(172, 17, '2020-02-13 04:08:28', '2020-02-13 04:08:28'),
(173, 23, '2020-02-13 23:24:37', '2020-02-13 23:24:37'),
(174, 39, '2020-02-14 00:59:10', '2020-02-14 00:59:10'),
(175, 39, '2020-02-14 05:46:06', '2020-02-14 05:46:06'),
(176, 11, '2020-02-14 06:17:37', '2020-02-14 06:17:37'),
(177, 39, '2020-02-14 07:33:32', '2020-02-14 07:33:32'),
(178, 39, '2020-02-14 07:38:31', '2020-02-14 07:38:31'),
(179, 39, '2020-02-15 05:52:56', '2020-02-15 05:52:56'),
(180, 39, '2020-02-15 06:02:30', '2020-02-15 06:02:30'),
(181, 39, '2020-02-15 06:13:44', '2020-02-15 06:13:44'),
(182, 40, '2020-02-15 06:16:34', '2020-02-15 06:16:34'),
(183, 39, '2020-02-15 06:22:29', '2020-02-15 06:22:29'),
(184, 15, '2020-02-15 06:50:51', '2020-02-15 06:50:51'),
(185, 17, '2020-02-15 07:14:08', '2020-02-15 07:14:08'),
(186, 39, '2020-02-15 22:10:39', '2020-02-15 22:10:39'),
(187, 40, '2020-02-15 23:24:05', '2020-02-15 23:24:05'),
(188, 39, '2020-02-15 23:26:59', '2020-02-15 23:26:59'),
(189, 39, '2020-02-15 23:33:06', '2020-02-15 23:33:06'),
(190, 13, '2020-02-15 23:53:19', '2020-02-15 23:53:19'),
(191, 39, '2020-02-15 23:56:26', '2020-02-15 23:56:26'),
(192, 41, '2020-02-15 23:59:20', '2020-02-15 23:59:20'),
(193, 17, '2020-02-16 00:42:58', '2020-02-16 00:42:58'),
(194, 39, '2020-02-16 01:43:25', '2020-02-16 01:43:25'),
(195, 39, '2020-02-16 04:46:57', '2020-02-16 04:46:57'),
(196, 17, '2020-02-16 04:49:27', '2020-02-16 04:49:27'),
(197, 39, '2020-02-16 06:22:58', '2020-02-16 06:22:58'),
(198, 9, '2020-02-17 20:23:34', '2020-02-17 20:23:34'),
(199, 6, '2020-02-17 22:00:30', '2020-02-17 22:00:30'),
(200, 22, '2020-02-17 22:04:14', '2020-02-17 22:04:14'),
(201, 22, '2020-02-17 22:10:13', '2020-02-17 22:10:13'),
(202, 6, '2020-02-17 22:14:18', '2020-02-17 22:14:18'),
(203, 6, '2020-02-17 22:14:51', '2020-02-17 22:14:51'),
(204, 6, '2020-02-17 22:14:51', '2020-02-17 22:14:51'),
(205, 22, '2020-02-17 22:22:16', '2020-02-17 22:22:16'),
(206, 22, '2020-02-17 22:23:47', '2020-02-17 22:23:47'),
(207, 6, '2020-02-17 22:24:15', '2020-02-17 22:24:15'),
(208, 22, '2020-02-17 22:28:14', '2020-02-17 22:28:14'),
(209, 39, '2020-02-17 23:54:06', '2020-02-17 23:54:06'),
(210, 22, '2020-02-19 02:15:18', '2020-02-19 02:15:18'),
(211, 6, '2020-02-19 02:32:53', '2020-02-19 02:32:53'),
(212, 39, '2020-02-21 01:59:32', '2020-02-21 01:59:32'),
(213, 39, '2020-02-21 02:35:29', '2020-02-21 02:35:29'),
(214, 39, '2020-02-21 03:51:59', '2020-02-21 03:51:59'),
(215, 15, '2020-02-21 05:13:38', '2020-02-21 05:13:38'),
(216, 39, '2020-02-21 05:25:10', '2020-02-21 05:25:10'),
(217, 15, '2020-02-21 05:25:45', '2020-02-21 05:25:45'),
(218, 9, '2020-02-21 06:05:36', '2020-02-21 06:05:36'),
(219, 5, '2020-02-21 07:22:17', '2020-02-21 07:22:17'),
(220, 5, '2020-02-21 07:23:40', '2020-02-21 07:23:40'),
(221, 5, '2020-02-21 07:23:54', '2020-02-21 07:23:54'),
(222, 39, '2020-02-21 21:41:11', '2020-02-21 21:41:11'),
(223, 17, '2020-02-21 21:50:16', '2020-02-21 21:50:16'),
(224, 42, '2020-02-21 21:58:14', '2020-02-21 21:58:14'),
(225, 42, '2020-02-21 22:10:56', '2020-02-21 22:10:56'),
(226, 15, '2020-02-21 22:20:06', '2020-02-21 22:20:06'),
(227, 15, '2020-02-21 22:20:12', '2020-02-21 22:20:12'),
(228, 42, '2020-02-21 22:25:01', '2020-02-21 22:25:01'),
(229, 41, '2020-02-21 22:47:14', '2020-02-21 22:47:14'),
(230, 43, '2020-02-21 23:01:29', '2020-02-21 23:01:29'),
(231, 22, '2020-02-21 23:05:46', '2020-02-21 23:05:46'),
(232, 9, '2020-02-22 00:35:37', '2020-02-22 00:35:37'),
(233, 35, '2020-02-22 00:37:15', '2020-02-22 00:37:15'),
(234, 41, '2020-02-27 19:14:16', '2020-02-27 19:14:16'),
(235, 41, '2020-02-28 19:45:23', '2020-02-28 19:45:23'),
(236, 41, '2020-03-05 21:24:33', '2020-03-05 21:24:33'),
(237, 6, '2020-04-25 00:57:46', '2020-04-25 00:57:46'),
(238, 39, '2020-06-13 01:53:55', '2020-06-13 01:53:55'),
(239, 39, '2020-09-04 02:07:50', '2020-09-04 02:07:50'),
(240, 39, '2020-09-23 02:07:33', '2020-09-23 02:07:33'),
(241, 39, '2020-09-23 02:17:10', '2020-09-23 02:17:10'),
(242, 39, '2020-09-30 03:07:26', '2020-09-30 03:07:26'),
(243, 39, '2020-10-02 21:46:16', '2020-10-02 21:46:16'),
(244, 39, '2020-10-03 03:18:43', '2020-10-03 03:18:43'),
(245, 17, '2020-10-03 05:23:13', '2020-10-03 05:23:13'),
(246, 39, '2020-10-03 05:46:03', '2020-10-03 05:46:03'),
(247, 17, '2020-10-03 23:03:45', '2020-10-03 23:03:45'),
(248, 39, '2020-10-03 23:05:23', '2020-10-03 23:05:23'),
(249, 17, '2020-10-04 09:29:30', '2020-10-04 09:29:30'),
(250, 39, '2020-10-05 20:13:24', '2020-10-05 20:13:24'),
(251, 17, '2020-10-05 20:20:23', '2020-10-05 20:20:23'),
(252, 39, '2020-10-05 21:12:05', '2020-10-05 21:12:05'),
(253, 39, '2020-10-05 21:13:46', '2020-10-05 21:13:46'),
(254, 39, '2020-10-05 21:13:46', '2020-10-05 21:13:46'),
(255, 39, '2020-10-05 21:14:30', '2020-10-05 21:14:30'),
(256, 5, '2020-10-05 21:39:48', '2020-10-05 21:39:48'),
(257, 39, '2020-10-05 22:20:59', '2020-10-05 22:20:59'),
(258, 42, '2020-10-05 22:26:28', '2020-10-05 22:26:28'),
(259, 39, '2020-10-05 22:33:04', '2020-10-05 22:33:04'),
(260, 5, '2020-10-05 23:33:54', '2020-10-05 23:33:54'),
(261, 5, '2020-10-05 23:53:31', '2020-10-05 23:53:31'),
(262, 17, '2020-10-06 00:07:08', '2020-10-06 00:07:08'),
(263, 39, '2020-10-06 00:46:17', '2020-10-06 00:46:17'),
(264, 42, '2020-10-06 02:15:42', '2020-10-06 02:15:42'),
(265, 5, '2020-10-06 02:29:55', '2020-10-06 02:29:55'),
(266, 17, '2020-10-06 03:57:00', '2020-10-06 03:57:00'),
(267, 42, '2020-10-06 19:37:48', '2020-10-06 19:37:48'),
(268, 17, '2020-10-06 20:20:52', '2020-10-06 20:20:52'),
(269, 39, '2020-10-06 20:30:03', '2020-10-06 20:30:03'),
(270, 5, '2020-10-06 20:36:06', '2020-10-06 20:36:06'),
(271, 17, '2020-10-06 22:15:32', '2020-10-06 22:15:32'),
(272, 39, '2020-10-06 23:15:23', '2020-10-06 23:15:23'),
(273, 17, '2020-10-06 23:40:55', '2020-10-06 23:40:55'),
(274, 42, '2020-10-07 01:52:52', '2020-10-07 01:52:52'),
(275, 39, '2020-10-08 19:51:36', '2020-10-08 19:51:36'),
(276, 42, '2020-10-09 23:39:59', '2020-10-09 23:39:59'),
(277, 22, '2020-10-21 03:41:36', '2020-10-21 03:41:36'),
(278, 17, '2020-10-21 03:50:30', '2020-10-21 03:50:30'),
(279, 42, '2020-10-22 03:11:25', '2020-10-22 03:11:25'),
(280, 22, '2020-10-24 00:49:06', '2020-10-24 00:49:06'),
(281, 17, '2020-11-05 04:17:51', '2020-11-05 04:17:51'),
(282, 39, '2020-11-10 23:07:16', '2020-11-10 23:07:16'),
(283, 42, '2020-11-11 01:05:58', '2020-11-11 01:05:58'),
(284, 39, '2020-11-11 01:08:05', '2020-11-11 01:08:05'),
(285, 39, '2020-11-11 05:57:29', '2020-11-11 05:57:29'),
(286, 5, '2020-11-18 11:20:43', '2020-11-18 11:20:43'),
(287, 39, '2020-11-20 00:04:03', '2020-11-20 00:04:03'),
(288, 17, '2020-11-20 01:32:59', '2020-11-20 01:32:59'),
(289, 42, '2020-11-26 22:30:57', '2020-11-26 22:30:57'),
(290, 17, '2020-11-27 03:14:05', '2020-11-27 03:14:05'),
(291, 39, '2020-12-02 00:05:46', '2020-12-02 00:05:46'),
(292, 39, '2020-12-03 05:27:58', '2020-12-03 05:27:58'),
(293, 39, '2020-12-03 07:32:12', '2020-12-03 07:32:12'),
(294, 44, '2020-12-03 20:49:01', '2020-12-03 20:49:01'),
(295, 4, '2020-12-03 22:07:19', '2020-12-03 22:07:19'),
(296, 44, '2020-12-03 22:11:24', '2020-12-03 22:11:24'),
(297, 1, '2020-12-05 00:13:40', '2020-12-05 00:13:40'),
(298, 1, '2020-12-05 00:21:27', '2020-12-05 00:21:27'),
(299, 39, '2020-12-05 01:27:37', '2020-12-05 01:27:37'),
(300, 39, '2020-12-05 04:40:48', '2020-12-05 04:40:48'),
(301, 52, '2020-12-05 05:39:22', '2020-12-05 05:39:22'),
(302, 45, '2020-12-08 09:31:35', '2020-12-08 09:31:35'),
(303, 25, '2020-12-08 10:34:12', '2020-12-08 10:34:12'),
(304, 12, '2020-12-10 08:12:19', '2020-12-10 08:12:19'),
(305, 12, '2020-12-10 20:35:52', '2020-12-10 20:35:52'),
(306, 45, '2020-12-14 20:02:18', '2020-12-14 20:02:18'),
(307, 39, '2020-12-15 01:36:04', '2020-12-15 01:36:04'),
(308, 39, '2020-12-15 02:12:25', '2020-12-15 02:12:25'),
(309, 39, '2020-12-15 04:04:01', '2020-12-15 04:04:01'),
(310, 39, '2020-12-15 04:57:32', '2020-12-15 04:57:32'),
(311, 39, '2020-12-15 06:03:43', '2020-12-15 06:03:43'),
(312, 52, '2020-12-15 06:24:02', '2020-12-15 06:24:02'),
(313, 50, '2020-12-15 06:35:54', '2020-12-15 06:35:54'),
(314, 52, '2020-12-15 08:09:04', '2020-12-15 08:09:04'),
(315, 39, '2020-12-15 21:59:09', '2020-12-15 21:59:09'),
(316, 39, '2020-12-15 23:57:22', '2020-12-15 23:57:22'),
(317, 5, '2020-12-16 01:21:11', '2020-12-16 01:21:11'),
(318, 46, '2020-12-16 04:46:44', '2020-12-16 04:46:44'),
(319, 43, '2020-12-16 06:41:21', '2020-12-16 06:41:21'),
(320, 39, '2020-12-16 06:57:11', '2020-12-16 06:57:11'),
(321, 25, '2020-12-16 07:48:35', '2020-12-16 07:48:35'),
(322, 9, '2020-12-16 07:51:15', '2020-12-16 07:51:15'),
(323, 45, '2020-12-16 10:14:02', '2020-12-16 10:14:02'),
(324, 40, '2020-12-16 20:30:06', '2020-12-16 20:30:06'),
(325, 39, '2020-12-16 20:30:49', '2020-12-16 20:30:49'),
(326, 14, '2020-12-16 20:55:21', '2020-12-16 20:55:21'),
(327, 25, '2020-12-16 21:11:40', '2020-12-16 21:11:40'),
(328, 17, '2020-12-16 21:12:29', '2020-12-16 21:12:29'),
(329, 26, '2020-12-16 21:43:42', '2020-12-16 21:43:42'),
(330, 17, '2020-12-16 21:47:26', '2020-12-16 21:47:26'),
(331, 19, '2020-12-16 22:54:59', '2020-12-16 22:54:59'),
(332, 50, '2020-12-16 23:13:35', '2020-12-16 23:13:35'),
(333, 22, '2020-12-16 23:15:40', '2020-12-16 23:15:40'),
(334, 19, '2020-12-16 23:24:17', '2020-12-16 23:24:17'),
(335, 46, '2020-12-16 23:47:23', '2020-12-16 23:47:23'),
(336, 5, '2020-12-17 00:44:16', '2020-12-17 00:44:16'),
(337, 5, '2020-12-17 01:07:44', '2020-12-17 01:07:44'),
(338, 19, '2020-12-17 01:11:30', '2020-12-17 01:11:30'),
(339, 10, '2020-12-17 01:29:09', '2020-12-17 01:29:09'),
(340, 22, '2020-12-17 01:38:51', '2020-12-17 01:38:51'),
(341, 14, '2020-12-17 01:45:37', '2020-12-17 01:45:37'),
(342, 13, '2020-12-17 01:49:50', '2020-12-17 01:49:50'),
(343, 38, '2020-12-17 02:55:45', '2020-12-17 02:55:45'),
(344, 10, '2020-12-17 04:01:45', '2020-12-17 04:01:45'),
(345, 45, '2020-12-17 21:40:40', '2020-12-17 21:40:40'),
(346, 45, '2020-12-17 21:40:41', '2020-12-17 21:40:41'),
(347, 19, '2020-12-17 22:43:31', '2020-12-17 22:43:31'),
(348, 19, '2020-12-17 22:43:55', '2020-12-17 22:43:55'),
(349, 39, '2020-12-17 22:44:22', '2020-12-17 22:44:22'),
(350, 19, '2020-12-18 01:53:19', '2020-12-18 01:53:19'),
(351, 25, '2020-12-18 06:34:47', '2020-12-18 06:34:47'),
(352, 39, '2020-12-19 01:16:49', '2020-12-19 01:16:49'),
(353, 39, '2020-12-19 06:13:19', '2020-12-19 06:13:19'),
(354, 39, '2020-12-31 05:38:58', '2020-12-31 05:38:58'),
(355, 46, '2021-01-06 05:22:14', '2021-01-06 05:22:14'),
(356, 50, '2021-01-08 08:51:02', '2021-01-08 08:51:02'),
(357, 50, '2021-01-10 04:01:57', '2021-01-10 04:01:57'),
(358, 17, '2021-01-12 04:23:28', '2021-01-12 04:23:28'),
(359, 39, '2021-01-13 00:31:15', '2021-01-13 00:31:15'),
(360, 26, '2021-01-13 05:23:54', '2021-01-13 05:23:54'),
(361, 39, '2021-01-16 03:48:09', '2021-01-16 03:48:09'),
(362, 39, '2021-01-20 07:40:13', '2021-01-20 07:40:13'),
(363, 25, '2021-01-20 08:32:56', '2021-01-20 08:32:56'),
(364, 39, '2021-01-20 08:37:18', '2021-01-20 08:37:18'),
(365, 17, '2021-01-20 11:29:03', '2021-01-20 11:29:03'),
(366, 42, '2021-01-20 21:14:09', '2021-01-20 21:14:09'),
(367, 8, '2021-01-20 22:27:33', '2021-01-20 22:27:33'),
(368, 12, '2021-01-20 23:04:35', '2021-01-20 23:04:35'),
(369, 21, '2021-01-20 23:10:01', '2021-01-20 23:10:01'),
(370, 21, '2021-01-20 23:12:44', '2021-01-20 23:12:44'),
(371, 26, '2021-01-20 23:19:06', '2021-01-20 23:19:06'),
(372, 39, '2021-01-20 23:34:20', '2021-01-20 23:34:20'),
(373, 55, '2021-01-20 23:56:13', '2021-01-20 23:56:13'),
(374, 25, '2021-01-20 23:59:45', '2021-01-20 23:59:45'),
(375, 26, '2021-01-21 00:03:56', '2021-01-21 00:03:56'),
(376, 25, '2021-01-21 02:35:45', '2021-01-21 02:35:45'),
(377, 19, '2021-01-21 04:10:23', '2021-01-21 04:10:23'),
(378, 26, '2021-01-21 04:21:57', '2021-01-21 04:21:57'),
(379, 17, '2021-01-21 04:52:15', '2021-01-21 04:52:15'),
(380, 39, '2021-01-21 20:30:00', '2021-01-21 20:30:00'),
(381, 26, '2021-01-21 21:49:31', '2021-01-21 21:49:31'),
(382, 42, '2021-01-23 09:54:30', '2021-01-23 09:54:30'),
(383, 42, '2021-01-23 23:15:04', '2021-01-23 23:15:04'),
(384, 26, '2021-01-24 07:16:07', '2021-01-24 07:16:07'),
(385, 39, '2021-01-29 06:09:14', '2021-01-29 06:09:14'),
(386, 39, '2021-01-30 01:24:42', '2021-01-30 01:24:42'),
(387, 13, '2021-02-05 05:50:28', '2021-02-05 05:50:28'),
(388, 39, '2021-03-19 03:23:23', '2021-03-19 03:23:23'),
(389, 42, '2021-03-20 06:41:17', '2021-03-20 06:41:17'),
(390, 42, '2021-03-23 02:36:07', '2021-03-23 02:36:07'),
(391, 17, '2021-04-09 00:53:56', '2021-04-09 00:53:56'),
(392, 17, '2021-04-27 01:03:47', '2021-04-27 01:03:47'),
(393, 26, '2021-05-14 06:34:44', '2021-05-14 06:34:44'),
(394, 17, '2021-06-02 19:41:44', '2021-06-02 19:41:44'),
(395, 42, '2021-06-14 10:40:51', '2021-06-14 10:40:51'),
(396, 42, '2021-06-16 04:37:38', '2021-06-16 04:37:38'),
(397, 39, '2021-07-05 20:36:22', '2021-07-05 20:36:22'),
(398, 58, '2021-08-05 22:53:48', '2021-08-05 22:53:48'),
(399, 26, '2021-08-13 06:49:36', '2021-08-13 06:49:36'),
(400, 26, '2021-08-16 18:44:35', '2021-08-16 18:44:35'),
(401, 5, '2021-08-18 22:17:17', '2021-08-18 22:17:17'),
(402, 39, '2021-08-20 21:04:50', '2021-08-20 21:04:50'),
(403, 39, '2021-08-20 21:05:02', '2021-08-20 21:05:02'),
(404, 42, '2021-09-01 03:03:54', '2021-09-01 03:03:54'),
(405, 22, '2021-09-01 03:43:50', '2021-09-01 03:43:50'),
(406, 5, '2021-09-02 21:19:48', '2021-09-02 21:19:48'),
(407, 25, '2021-09-08 03:26:05', '2021-09-08 03:26:05'),
(408, 25, '2021-09-09 04:01:16', '2021-09-09 04:01:16'),
(409, 17, '2021-09-10 00:37:23', '2021-09-10 00:37:23'),
(410, 5, '2021-09-11 00:39:25', '2021-09-11 00:39:25'),
(411, 42, '2021-09-11 05:58:30', '2021-09-11 05:58:30'),
(412, 17, '2021-09-13 20:01:07', '2021-09-13 20:01:07'),
(413, 5, '2021-09-13 20:30:34', '2021-09-13 20:30:34'),
(414, 5, '2021-09-13 22:50:07', '2021-09-13 22:50:07'),
(415, 42, '2021-09-13 23:11:53', '2021-09-13 23:11:53'),
(416, 5, '2021-09-14 20:28:59', '2021-09-14 20:28:59'),
(417, 39, '2021-09-14 20:56:51', '2021-09-14 20:56:51'),
(418, 19, '2021-09-14 21:00:01', '2021-09-14 21:00:01'),
(419, 17, '2021-09-14 21:01:26', '2021-09-14 21:01:26'),
(420, 26, '2021-09-14 21:25:05', '2021-09-14 21:25:05'),
(421, 5, '2021-09-14 22:50:52', '2021-09-14 22:50:52'),
(422, 19, '2021-09-15 01:28:29', '2021-09-15 01:28:29'),
(423, 39, '2021-09-15 01:48:46', '2021-09-15 01:48:46'),
(424, 25, '2021-09-15 23:39:41', '2021-09-15 23:39:41'),
(425, 26, '2021-09-17 23:54:02', '2021-09-17 23:54:02'),
(426, 5, '2021-09-23 22:36:03', '2021-09-23 22:36:03'),
(427, 58, '2021-09-24 03:11:11', '2021-09-24 03:11:11'),
(428, 5, '2021-09-24 05:02:16', '2021-09-24 05:02:16'),
(429, 39, '2021-09-24 20:41:32', '2021-09-24 20:41:32'),
(430, 5, '2021-09-28 22:35:13', '2021-09-28 22:35:13'),
(431, 39, '2021-10-01 21:40:23', '2021-10-01 21:40:23'),
(432, 25, '2021-10-11 20:26:23', '2021-10-11 20:26:23'),
(433, 39, '2021-10-14 03:50:42', '2021-10-14 03:50:42'),
(434, 26, '2021-10-14 21:34:24', '2021-10-14 21:34:24'),
(435, 25, '2021-10-19 03:22:24', '2021-10-19 03:22:24'),
(436, 46, '2021-10-20 00:41:06', '2021-10-20 00:41:06'),
(437, 46, '2021-10-20 00:43:25', '2021-10-20 00:43:25'),
(438, 46, '2021-10-20 00:52:57', '2021-10-20 00:52:57'),
(439, 46, '2021-10-20 00:54:53', '2021-10-20 00:54:53'),
(440, 46, '2021-10-20 01:07:59', '2021-10-20 01:07:59'),
(441, 61, '2021-10-20 01:08:29', '2021-10-20 01:08:29'),
(442, 61, '2021-10-20 01:08:58', '2021-10-20 01:08:58'),
(443, 60, '2021-10-20 01:10:27', '2021-10-20 01:10:27'),
(444, 17, '2021-10-21 01:05:58', '2021-10-21 01:05:58'),
(445, 26, '2021-10-21 01:12:49', '2021-10-21 01:12:49'),
(446, 26, '2021-10-21 02:45:39', '2021-10-21 02:45:39'),
(447, 19, '2021-10-21 04:33:40', '2021-10-21 04:33:40'),
(448, 26, '2021-10-29 00:06:39', '2021-10-29 00:06:39'),
(449, 59, '2021-10-30 03:42:45', '2021-10-30 03:42:45'),
(450, 59, '2021-11-10 22:38:07', '2021-11-10 22:38:07'),
(451, 39, '2021-11-13 05:29:32', '2021-11-13 05:29:32'),
(452, 22, '2021-11-24 05:47:06', '2021-11-24 05:47:06'),
(453, 58, '2021-11-25 22:49:37', '2021-11-25 22:49:37'),
(454, 58, '2021-11-25 22:50:58', '2021-11-25 22:50:58'),
(455, 26, '2021-11-26 05:19:02', '2021-11-26 05:19:02'),
(456, 58, '2021-11-30 04:56:20', '2021-11-30 04:56:20'),
(457, 39, '2021-11-30 05:13:09', '2021-11-30 05:13:09'),
(458, 39, '2021-11-30 05:34:28', '2021-11-30 05:34:28'),
(459, 25, '2021-11-30 22:50:05', '2021-11-30 22:50:05'),
(460, 25, '2021-12-01 00:06:12', '2021-12-01 00:06:12'),
(461, 25, '2021-12-01 00:36:40', '2021-12-01 00:36:40'),
(462, 58, '2021-12-01 00:46:47', '2021-12-01 00:46:47'),
(463, 58, '2021-12-01 08:16:37', '2021-12-01 08:16:37'),
(464, 59, '2021-12-02 02:09:57', '2021-12-02 02:09:57'),
(465, 58, '2021-12-02 03:09:12', '2021-12-02 03:09:12'),
(466, 58, '2021-12-02 21:36:26', '2021-12-02 21:36:26'),
(467, 39, '2021-12-02 21:40:19', '2021-12-02 21:40:19'),
(468, 25, '2021-12-03 02:10:40', '2021-12-03 02:10:40'),
(469, 58, '2021-12-03 04:18:16', '2021-12-03 04:18:16'),
(470, 39, '2021-12-03 04:46:01', '2021-12-03 04:46:01'),
(471, 39, '2021-12-03 21:18:36', '2021-12-03 21:18:36'),
(472, 39, '2021-12-03 23:21:58', '2021-12-03 23:21:58'),
(473, 61, '2021-12-03 23:38:35', '2021-12-03 23:38:35'),
(474, 39, '2021-12-03 23:38:52', '2021-12-03 23:38:52'),
(475, 42, '2021-12-03 23:57:44', '2021-12-03 23:57:44'),
(476, 52, '2021-12-04 00:08:54', '2021-12-04 00:08:54'),
(477, 39, '2021-12-04 00:14:41', '2021-12-04 00:14:41'),
(478, 39, '2021-12-04 00:14:41', '2021-12-04 00:14:41'),
(479, 52, '2021-12-04 00:15:15', '2021-12-04 00:15:15'),
(480, 39, '2021-12-04 00:16:02', '2021-12-04 00:16:02'),
(481, 39, '2021-12-04 00:25:06', '2021-12-04 00:25:06'),
(482, 39, '2021-12-04 01:56:36', '2021-12-04 01:56:36'),
(483, 42, '2021-12-04 02:14:36', '2021-12-04 02:14:36'),
(484, 39, '2021-12-04 02:36:37', '2021-12-04 02:36:37'),
(485, 39, '2021-12-06 21:14:19', '2021-12-06 21:14:19'),
(486, 39, '2021-12-07 00:36:28', '2021-12-07 00:36:28'),
(487, 39, '2021-12-07 03:47:03', '2021-12-07 03:47:03'),
(488, 39, '2021-12-07 04:59:13', '2021-12-07 04:59:13'),
(489, 59, '2021-12-07 05:04:02', '2021-12-07 05:04:02'),
(490, 17, '2021-12-08 01:23:33', '2021-12-08 01:23:33'),
(491, 17, '2021-12-08 01:23:35', '2021-12-08 01:23:35'),
(492, 17, '2021-12-08 04:13:05', '2021-12-08 04:13:05'),
(493, 17, '2021-12-08 21:24:49', '2021-12-08 21:24:49'),
(494, 25, '2021-12-11 02:15:08', '2021-12-11 02:15:08'),
(495, 56, '2021-12-11 05:15:21', '2021-12-11 05:15:21'),
(496, 39, '2021-12-11 06:35:56', '2021-12-11 06:35:56'),
(497, 39, '2021-12-11 07:06:28', '2021-12-11 07:06:28'),
(498, 25, '2021-12-13 21:44:43', '2021-12-13 21:44:43'),
(499, 39, '2021-12-13 22:55:26', '2021-12-13 22:55:26'),
(500, 56, '2021-12-14 04:01:22', '2021-12-14 04:01:22'),
(501, 56, '2021-12-14 04:04:31', '2021-12-14 04:04:31'),
(502, 25, '2021-12-14 21:37:32', '2021-12-14 21:37:32'),
(503, 56, '2021-12-14 23:08:34', '2021-12-14 23:08:34'),
(504, 39, '2022-05-17 22:34:02', '2022-05-17 22:34:02'),
(505, 39, '2022-05-19 02:17:14', '2022-05-19 02:17:14'),
(506, 39, '2022-05-19 03:37:17', '2022-05-19 03:37:17'),
(507, 39, '2022-05-20 20:41:24', '2022-05-20 20:41:24'),
(508, 39, '2022-05-20 20:44:00', '2022-05-20 20:44:00');

-- --------------------------------------------------------

--
-- Estructura de tabla para la tabla `subcategoria`
--

CREATE TABLE `subcategoria` (
  `id` int(11) NOT NULL,
  `nombre` varchar(250) COLLATE utf8_spanish_ci NOT NULL,
  `categoriaId` int(11) NOT NULL,
  `created_at` timestamp NOT NULL DEFAULT current_timestamp() ON UPDATE current_timestamp(),
  `updated_at` timestamp NOT NULL DEFAULT '0000-00-00 00:00:00'
) ENGINE=InnoDB DEFAULT CHARSET=utf8 COLLATE=utf8_spanish_ci;

--
-- Volcado de datos para la tabla `subcategoria`
--

INSERT INTO `subcategoria` (`id`, `nombre`, `categoriaId`, `created_at`, `updated_at`) VALUES
(43, 'ISO 9001:2015', 25, '2021-12-02 22:04:20', '2021-12-02 22:04:20'),
(44, 'ISO 14001:2015', 25, '2021-12-03 00:43:51', '2021-12-03 00:43:51'),
(45, 'ACCIONES CORRECTIVAS', 26, '2021-12-02 19:31:51', '2021-12-03 01:31:51'),
(46, 'AUDITORIAS INTERNAS', 26, '2021-12-03 01:33:11', '2021-12-03 01:33:11'),
(47, 'CONTROL DE DOCUMENTOS', 26, '2021-12-03 04:58:34', '2021-12-03 04:58:34'),
(48, 'COMUNICACIÓN INTERNA Y EXTERNA', 26, '2021-12-03 04:59:04', '2021-12-03 04:59:04'),
(49, 'CONTROL DE REGISTROS', 26, '2021-12-03 21:55:33', '2021-12-03 21:55:33'),
(50, 'REVISIÓN POR LA DIRECCIÓN', 26, '2021-12-03 21:55:50', '2021-12-03 21:55:50'),
(59, 'PLANEACIÓN Y SEGUIMIENTO DIDÁCTICO', 30, '2021-12-03 23:40:38', '2021-12-03 23:40:38'),
(60, 'PROCESO DE INSCRIPCIÓN', 30, '2021-12-04 00:02:31', '2021-12-04 00:02:31'),
(61, 'PROCESO DE REINSCRIPCIÓN', 30, '2021-12-04 02:42:53', '2021-12-04 02:42:53'),
(62, 'TITULACIÓN', 30, '2021-12-04 02:54:15', '2021-12-04 02:54:15'),
(63, 'TUTORÍAS', 30, '2021-12-03 21:02:29', '2021-12-04 03:02:29'),
(64, 'CRITERIOS DE SELECCIÓN, ASIGNACIÓN Y VALIDACIÓN DEL PERFIL DE TUTOR', 30, '2021-12-04 03:13:05', '2021-12-04 03:13:05'),
(65, 'ASESORÍAS', 30, '2021-12-04 03:15:22', '2021-12-04 03:15:22'),
(66, 'SEGUIMIENTO A EGRESADOS', 30, '2021-12-04 03:20:45', '2021-12-04 03:20:45'),
(67, 'VISITAS GUIADAS', 31, '2021-12-06 21:21:03', '2021-12-06 21:21:03'),
(68, 'ESTANCIAS Y ESTADÍA', 31, '2021-12-06 21:32:27', '2021-12-06 21:32:27'),
(69, 'ADQUISICIÓN DE BIENES Y SERVICIO', 31, '2021-12-06 21:57:21', '2021-12-06 21:57:21'),
(70, 'SALIDAS NO CONFORMES', 31, '2021-12-06 22:06:07', '2021-12-06 22:06:07'),
(71, 'ACTIVIDADES', 31, '2021-12-06 22:11:46', '2021-12-06 22:11:46'),
(72, 'PROGRAMAS DE ACTIVIDADES', 31, '2021-12-06 22:22:51', '2021-12-06 22:22:51'),
(73, 'PROGRAMAS ISO 14001:2015', 32, '2021-12-07 00:37:35', '2021-12-07 00:37:35'),
(74, 'PROCEDIMIENTOS ISO 14001:2015', 33, '2021-12-07 01:26:36', '2021-12-07 01:26:36'),
(75, 'IDENTIFICACIÓN DE ASPECTOS AMBIENTALES E IMPACTOS', 33, '2021-12-07 01:34:53', '2021-12-07 01:34:53'),
(76, 'PREPARACIÓN Y RESPUESTA ANTE EMERGENCIAS', 33, '2021-12-07 01:50:54', '2021-12-07 01:50:54'),
(77, 'CONTROL SEGUIMIENTO Y MEDICIÓN OPERACIONAL', 33, '2021-12-07 03:47:41', '2021-12-07 03:47:41'),
(78, 'COMPETENCIA, FORMACIÓN Y TOMA DE CONCIENCIA', 33, '2021-12-07 03:54:07', '2021-12-07 03:54:07');

-- --------------------------------------------------------

--
-- Estructura de tabla para la tabla `usuario`
--

CREATE TABLE `usuario` (
  `id` int(11) NOT NULL,
  `nombre` varchar(50) COLLATE utf8_spanish_ci NOT NULL,
  `apellidoPaterno` varchar(50) COLLATE utf8_spanish_ci NOT NULL,
  `apellidoMaterno` varchar(50) COLLATE utf8_spanish_ci NOT NULL,
  `correo` varchar(256) COLLATE utf8_spanish_ci NOT NULL,
  `password` varchar(256) COLLATE utf8_spanish_ci NOT NULL,
  `tipo` tinyint(1) NOT NULL,
  `estatus` tinyint(1) NOT NULL,
  `codigo` varchar(256) COLLATE utf8_spanish_ci NOT NULL,
  `created_at` timestamp NOT NULL DEFAULT current_timestamp() ON UPDATE current_timestamp(),
  `updated_at` timestamp NOT NULL DEFAULT '0000-00-00 00:00:00'
) ENGINE=InnoDB DEFAULT CHARSET=utf8 COLLATE=utf8_spanish_ci;

--
-- Volcado de datos para la tabla `usuario`
--

INSERT INTO `usuario` (`id`, `nombre`, `apellidoPaterno`, `apellidoMaterno`, `correo`, `password`, `tipo`, `estatus`, `codigo`, `created_at`, `updated_at`) VALUES
(1, 'Mtra. Brenda Leticia Durán', 'Huerta', 'Monárrez', 'rectoria_upt@uptecamac.edu.mx', '$2y$10$wueNBTwZndsux3QA5ViF3OoJoEEKl/TALJk611FJBRIQeiuJNVlrW', 1, 0, '[object Object]', '2020-12-04 16:17:47', '2020-12-04 22:17:47'),
(4, 'C. Belem', 'Máximo', 'Chavez', 'belem_maximo@uptecamac.edu.mx', '$2y$10$t3h92L6S6ONDc3B3UiGK1ebQnOACTlJ2ICZ6G6o/1NuXqkItO5NIS', 1, 0, '[object Object]', '2020-12-04 17:27:05', '2020-12-04 23:27:05'),
(5, 'Mtra. Ana Luisa', 'Fonseca', 'Reyes', 'ana_fonseca@uptecamac.edu.mx', '$2y$10$Ftwk55SyxhbO6dpKQPVYrummOn4yT3D7tFIUlG.pqunnjLmzEYsDy', 1, 1, '[object Object]', '2020-12-15 19:21:56', '2020-12-16 01:21:56'),
(6, 'Mtro. Luis Bernabé', 'Díaz', 'Martinez', 'luis_bernabe@uptecamac.edu.mx', '$2y$10$wueNBTwZndsux3QA5ViF3OoJoEEKl/TALJk611FJBRIQeiuJNVlrW', 1, 1, '[object Object]', '2020-12-04 16:42:10', '2020-12-04 22:23:29'),
(7, 'Lic. Brenda Laura', 'Ibarra', 'Domínguez', 'laura_ibarra@uptecamac.edu.mx', '$2y$10$wueNBTwZndsux3QA5ViF3OoJoEEKl/TALJk611FJBRIQeiuJNVlrW', 1, 0, '[object Object]', '2020-12-04 16:42:43', '2020-12-04 22:42:43'),
(8, 'Mtro. Ivan Ricardo', 'Barajas', 'Rosales', 'ricardo_barajas@uptecamac.edu.mx', '$2y$10$t3h92L6S6ONDc3B3UiGK1ebQnOACTlJ2ICZ6G6o/1NuXqkItO5NIS', 1, 1, '[object Object]', '2020-12-04 16:45:51', '2020-02-17 22:01:16'),
(9, 'Tec. Lidia', 'Villalobos', 'Morales', 'lidia_villalobos@uptecamac.edu.mx', '$2y$10$46yZZlMY5J4W.v0evGuRtuK8.Ib74YC9vAH9mdj27bMpj/LdgFpbi', 1, 1, '[object Object]', '2020-12-16 01:51:52', '2020-12-16 07:51:52'),
(10, 'Dra. María Eugenia', 'Estrada', 'Chavira', 'eugenia_estrada@uptecamac.edu.mx', '$2y$10$tgqXg40kx2gMWpPueUZnpOmUtQi4CLmED1DkKEOeWaA4/4srFrVEa', 1, 1, '[object Object]', '2020-12-16 19:29:50', '2020-12-17 01:29:50'),
(11, 'Mtro. Mauricio', 'Morel', 'Morel', 'mauricio_morel@uptecamac.edu.mx', '$2y$10$wueNBTwZndsux3QA5ViF3OoJoEEKl/TALJk611FJBRIQeiuJNVlrW', 1, 0, '[object Object]', '2020-12-04 16:25:38', '2020-12-04 22:25:38'),
(12, 'Mtra. Refugio', 'Antonio', 'Bernal', 'refugio_antonio@uptecamac.edu.mx', '$2y$10$L/Ub4m2VUIOq0wx.jPJTJuzNCEx28AvfBao6GN2jz8o..4/3WWeYu', 1, 1, '[object Object]', '2020-12-10 02:13:37', '2020-12-10 08:13:37'),
(13, 'C. Norma Aurora', 'Juarez', 'Chum', 'norma_juarez@uptecamac.edu.mx', '$2y$10$vL6lZ34/kCIaDplj3r6GB.dSwGogVit2TleZ2VK6F4iiAhYnbU3am', 1, 1, '[object Object]', '2020-12-16 19:51:26', '2020-12-17 01:51:26'),
(14, 'Mtro. Alfonso Josafat', 'Espinoza', 'Domínguez', 'vinculacion_upt@uptecamac.edu.mx', '$2y$10$Xvb6PzMSNjr8VgqeNSdDvOPXmRjwr8of0HKIWDDbfzbq1IVh2XFf6', 1, 1, '[object Object]', '2020-12-16 14:55:46', '2020-12-16 20:55:46'),
(15, 'Lic. Brenda', 'Ortiz', 'Rodríguez', 'brenda_ortiz@uptecamac.edu.mx', '$2y$10$wueNBTwZndsux3QA5ViF3OoJoEEKl/TALJk611FJBRIQeiuJNVlrW', 1, 0, '[object Object]', '2020-12-04 16:26:33', '2020-12-04 22:26:33'),
(16, 'C. Eugenia', 'Salinas', 'Baños', 'eugenia_salinas@uptecamac.edu.mx', '$2y$10$wueNBTwZndsux3QA5ViF3OoJoEEKl/TALJk611FJBRIQeiuJNVlrW', 1, 0, '[object Object]', '2020-12-04 17:04:48', '2020-12-04 23:04:48'),
(17, 'Arq. Hernán', 'Hernán', 'Nicolás', 'hernan_herrera@uptecamac.edu.mx', '$2y$10$r9uCvOmHQkTmaEg62Ta2teelTSZlL830CADFZSUNgrZDxQMy.degK', 1, 1, '[object Object]', '2020-12-16 15:13:01', '2020-12-16 21:13:01'),
(18, 'C. Victor', 'Ochoa', 'Chamorro', 'victor_ochoa@uptecamac.edu.mx', '$2y$10$wueNBTwZndsux3QA5ViF3OoJoEEKl/TALJk611FJBRIQeiuJNVlrW', 1, 0, '[object Object]', '2020-12-04 17:47:08', '2020-12-04 23:47:08'),
(19, 'Mtra. Consuelo', 'González', 'González', 'consuelo_gonzalez@uptecamac.edu.mx', '$2y$10$p6Vp35qMsnOLq3j2aMDxmusXtMMKEV2xTOqzzX48y/m7UuxP4JCuu', 1, 1, '[object Object]', '2020-12-16 16:55:13', '2020-12-16 22:55:13'),
(20, 'Lic. Jovana', 'García', 'Maciel', 'jovana_garcia@uptecamac.edu.mx', '$2y$10$wueNBTwZndsux3QA5ViF3OoJoEEKl/TALJk611FJBRIQeiuJNVlrW', 1, 0, '[object Object]', '2020-12-04 17:45:13', '2020-12-04 23:45:13'),
(21, 'Ing. Mariana Patricia', 'García', 'Domínguez', 'mariana_garcia@uptecamac.edu.mx', '$2y$10$yYEtjkr0IA4MgriecpLv4OnrKfuUFh9xwaZfKUe6.1iL0.EtUCPZi', 1, 1, '[object Object]', '2021-01-20 17:10:30', '2021-01-20 23:10:30'),
(22, 'Mtra. Joanny Janet', 'Perez', 'Serrano', 'joanny_perez@uptecamac.edu.mx', '$2y$10$fq/c3Iv5saSsXfKTI7fSRuw5iiAB.w891kGTrQl99jU1DrPq0HjjK', 1, 1, '[object Object]', '2020-12-16 17:16:11', '2020-12-16 23:16:11'),
(23, 'C. Dirce Raziel', 'Mendoza', 'Cervantes', 'raziel_mendoza@uptecamac.edu.mx', '$2y$10$wueNBTwZndsux3QA5ViF3OoJoEEKl/TALJk611FJBRIQeiuJNVlrW', 1, 0, '[object Object]', '2020-12-04 17:06:23', '2020-12-04 23:06:23'),
(24, 'C.Jorge Guadalupe', 'Aguilera', 'Tellez', 'jorgeg_aguilera@uptecamac.edu.mx', '$2y$10$wueNBTwZndsux3QA5ViF3OoJoEEKl/TALJk611FJBRIQeiuJNVlrW', 1, 0, '[object Object]', '2020-12-04 17:35:30', '2020-12-04 23:35:30'),
(25, 'Mtra. Graciela Margarita', 'Cetina', 'Quijano', 'graciela_cetina@uptecamac.edu.mx', '$2y$10$8/NgNuzpwX2XBdPZLZGGJOA.pQWZM0sItntEfGQrwE4fSp1FGrVkm', 1, 1, '[object Object]', '2020-12-08 04:34:55', '2020-12-08 10:34:55'),
(26, 'Dr. Felipe', 'Nehri', 'Tenorio', 'felipe_tenorio@uptecamac.edu.mx', '$2y$10$zS1O4HuZW1mbbrQQQmT9iurpLZRzGikM//84m8eREp4hEnonxZLea', 1, 1, '[object Object]', '2020-12-16 15:44:01', '2020-12-16 21:44:01'),
(27, 'Lic. Orlando Antonio', 'Guizar', 'Arreola', 'orlando_g@uptecamac.edu.mx', '$2y$10$wueNBTwZndsux3QA5ViF3OoJoEEKl/TALJk611FJBRIQeiuJNVlrW', 1, 0, '[object Object]', '2020-12-04 17:49:47', '2020-12-04 23:49:47'),
(28, 'Lic. Amador', 'Delgadillo', 'Lira', 'amador_delgadillo@uptecamac.edu.mx', '$2y$10$wueNBTwZndsux3QA5ViF3OoJoEEKl/TALJk611FJBRIQeiuJNVlrW', 1, 0, '[object Object]', '2020-12-04 17:42:51', '2020-12-04 23:42:51'),
(31, 'C. ANA CONCEPCIÓN', 'PADILLA', 'GARDUÑO', 'ana_padilla@uptecamac.edu.mx', '$2y$10$wueNBTwZndsux3QA5ViF3OoJoEEKl/TALJk611FJBRIQeiuJNVlrW', 1, 0, '[object Object]', '2020-12-04 17:53:18', '2020-12-04 23:53:18'),
(32, 'Lic. Alexis Haziel', 'Martínez', 'Mejia', 'alexis_martinez@uptecamac.edu.mx', '$2y$10$wueNBTwZndsux3QA5ViF3OoJoEEKl/TALJk611FJBRIQeiuJNVlrW', 1, 0, '[object Object]', '2020-12-04 16:54:42', '2020-12-04 22:54:42'),
(33, 'Tec. Angélica', 'Leyva', 'Cruz', 'angelica_leyva@uptecamac.edu.mx', '$2y$10$wueNBTwZndsux3QA5ViF3OoJoEEKl/TALJk611FJBRIQeiuJNVlrW', 1, 0, '[object Object]', '2020-12-04 17:46:04', '2020-12-04 23:46:04'),
(34, 'C. Blanca Elideé', 'Santiní', 'Escamilla', 'blancae_escamilla@uptecamac.edu.mx', '$2y$10$wueNBTwZndsux3QA5ViF3OoJoEEKl/TALJk611FJBRIQeiuJNVlrW', 1, 0, '[object Object]', '2020-12-04 17:46:22', '2020-12-04 23:46:22'),
(35, 'C. IDALÍ', 'SANCHEZ', 'DEL RIO', 'idali_sanchez@uptecamac.edu.mx', '$2y$10$wueNBTwZndsux3QA5ViF3OoJoEEKl/TALJk611FJBRIQeiuJNVlrW', 1, 0, '[object Object]', '2020-12-04 17:40:34', '2020-12-04 23:40:34'),
(36, 'Lic. LUZ MIRIAM', 'ROMO', 'ÁVILA', 'miriam_romo@uptecamac.edu.mx', '$2y$10$wueNBTwZndsux3QA5ViF3OoJoEEKl/TALJk611FJBRIQeiuJNVlrW', 1, 0, '[object Object]', '2020-12-04 17:03:05', '2020-12-04 23:03:05'),
(38, 'C. Brian  Araceli', 'Tolentino', 'Molina', 'araceli_tolentino@uptecamac.edu.mx', '$2y$10$KaDgCdZ7V.fuEcPP0p4TiuNoDIFsctaA3VoslgYMK8NlJPhyEuKj6', 1, 1, '[object Object]', '2020-12-16 20:58:06', '2020-12-17 02:58:06'),
(39, 'Tec. María Guadalupe', 'Hernández', 'Ávalos', 'guadalupe_hernandez@uptecamac.edu.mx', '$2y$10$4MDh5kbNdw73kr.aSO1Xxu1Q4YuN2wbByweie.hNeLB.AyS1ITMjO', 2, 1, '[object Object]', '2020-12-04 19:32:55', '2020-12-05 01:32:55'),
(40, 'Lic. Sergio', 'Armenta', 'Peralta', 'sergio_armenta@uptecamac.edu.mx', '$2y$10$VP3R.UsRs9xYbeuzBn7FIOjeSzgaFjPr/JFo0c6.nw3gHW0xTQjKW', 1, 1, '[object Object]', '2020-12-16 14:30:29', '2020-12-16 20:30:29'),
(41, 'C. Oliver', 'Castillón', 'Ocampo', 'oliver_ocampo@uptecamac.edu.mx', '$2y$10$wueNBTwZndsux3QA5ViF3OoJoEEKl/TALJk611FJBRIQeiuJNVlrW', 1, 0, '[object Object]', '2020-12-04 16:53:08', '2020-12-04 22:53:08'),
(42, 'Dr. Pedro', 'Vera', 'Serna', 'pedro_verasr@uptecamac.edu.mx', '$2y$10$7hqjuhxpr4GjGhclIFdWO.sSxRPUyaYtGGS7PSrJ8AIlyFTVbH/Pa', 1, 1, '[object Object]', '2021-01-23 03:54:51', '2021-01-23 09:54:51'),
(43, 'Ing. Karen Adraina', 'Borgonio', 'Berber', 'karen_borgonio@uptecamac.edu.mx', '$2y$10$t3h92L6S6ONDc3B3UiGK1ebQnOACTlJ2ICZ6G6o/1NuXqkItO5NIS', 1, 1, '[object Object]', '2020-12-04 16:51:51', '2020-02-21 23:05:10'),
(44, 'Lic. Jessica', 'Canjura', 'Margalli', 'jessica_canjura@uptecamac.edu.mx', '$2y$10$wueNBTwZndsux3QA5ViF3OoJoEEKl/TALJk611FJBRIQeiuJNVlrW', 1, 0, '[object Object]', '2020-12-04 17:00:34', '2020-12-04 23:00:34'),
(45, 'Mtra. Sylja Viridiana', 'Guerrero', 'García', 'syljav_guerrero@uptecamac.edu.mx', '$2y$10$pAQPuFOyFG0xE05Wr/nU7.K9gYA5KJb8LhdS2p9tK4D/mBn4tBJ7K', 1, 1, 'BsKyQ7r', '2020-12-08 03:31:56', '2020-12-08 09:31:56'),
(46, 'Psic. Alejandra Rocío', 'Colina', 'Ramírez', 'alejandra_colina@uptecamac.edu.mx', '$2y$10$fPpfbHm2ZIucSbrUpno1pOqZLkyWUjnYCQfkaci1krYMpbWMVOFHe', 1, 0, 'sKfzc4X', '2021-10-19 20:07:19', '2021-10-20 00:55:06'),
(47, 'Mtra. Maribel', 'Hernández', 'Velázquez', 'maribel_hernandez@uptecamac.edu.mx', '$2y$10$uu0pK8M3DL4VqWKOPfLUXO8UfvdXdmEP9CFHJLnizmCV2zJPt6oPy', 1, 0, 'h9dgwQG', '2020-12-04 23:26:00', '2020-12-04 23:26:00'),
(48, 'Mtro. Misael', 'Flores', 'Báez', 'misael_flores@uptecamac.edu.mx', '$2y$10$kax2BU35rmtur3b0s7zIWeljmtvj7BVk7PKt45hBC7/786xYSjbsS', 1, 0, 'aarzRqJ', '2020-12-04 23:28:04', '2020-12-04 23:28:04'),
(49, 'Ing.Guadalupe', 'Jiménez', 'Calderón', 'gestion_academica2@uptecamac.edu.mx', '$2y$10$RBG9L99DJjMm9kP0ornTKeJO5VlA8eHO.cgRwfTyg/0T9tKsW53oO', 1, 0, 's15hRPW', '2020-12-04 23:28:57', '2020-12-04 23:28:57'),
(50, 'Tec. María del Carmen', 'Zempoalteca', 'Santiago', 'maria_zempoalteca@uptecamac.edu.mx', '$2y$10$jxxfk2cDPQQvOlZLSSZr3ucOBh2eHqfyBByUVRVS7nwovtDSlk5g.', 1, 1, '[object Object]', '2020-12-15 00:36:05', '2020-12-15 06:36:05'),
(51, 'Tec. Mayra del Carmen', 'Gerón', 'Gumencindo', 'mayra_geron@uptecamac.edu.mx', '$2y$10$XeX67zWP97D8qltiswBoxeRpFNXDO1Lkc97bODV9l4NXPBZBCbGpy', 1, 0, '32H3adr', '2020-12-04 23:31:39', '2020-12-04 23:31:39'),
(52, 'Lic. Angelica Fabiola', 'Valdez', 'Ortíz', 'angelica_valdez@uptecamac.edu.mx', '$2y$10$Sj04K1i2jIatSyZ6gKSSSexjfygV4nA3nKVNaO6lrPdBvgXlW2Tj6', 1, 1, '3laIbGd', '2020-12-04 23:45:01', '2020-12-05 05:45:01'),
(53, 'P. en D Leticia', 'Serna', 'Mendoza', 'leticia_serna@uptecamac.edu.mx', '$2y$10$m86nFwxb9oOthT13b1mrDeQz7VH.KVHliMWhUifdaKgCeb4GpkfO6', 1, 0, 'BXXfynj', '2020-12-04 23:36:17', '2020-12-04 23:36:17'),
(54, 'Lic. Beatriz', 'Partida', 'Alvarez', 'beatriz_palvarez@uptecamac.edu.mx', '$2y$10$O6KQdcGSttRgeP.RrIKsXujT62EUurM/UT/axptdAzAiUR4KbzXNG', 1, 0, 'z9nfrLU', '2020-12-04 23:37:52', '2020-12-04 23:37:52'),
(55, 'C. Maribel', 'Hernández', 'Urzúa', 'maribel_ursua@uptecamac.edu.mx', '$2y$10$EMyn2oAQkjn194UQCPGJWurtHGG3dpoIltriXKBnbl0EFojpKjNxa', 1, 1, 'hGOUBxZ', '2021-01-20 18:45:45', '2021-01-21 00:45:45'),
(56, 'Mtro. Hómer Alberto', 'Lara', 'Luis', 'homeral_lara@uptecamac.edu.mx', '$2y$10$1K4lIAHFhee8LBK8qxBxC.UVq11YO2e/LaZHqHkNCQ1iX7UodKjF6', 1, 1, 'JxhaiC5', '2021-12-10 23:15:34', '2021-12-11 05:15:34'),
(57, 'B. Sonia', 'Balderas', 'Arrieta', 'biblioteca_upt@uptecamac.edu.mx', '$2y$10$A94I3aKlgqhvmspuj6P62eiI2/tWgu4qq.KatuINuifvfGrvSp62i', 1, 0, 'rRXTEko', '2020-12-04 23:51:45', '2020-12-04 23:51:45'),
(58, 'Mtra. Roxana Claudia', 'Bernal', 'Bolnik', 'roxana_bernal@uptecamac.edu.mx', '$2y$10$VO5VD7KrK1S.UtcNAXoQ5eFoAuPgYRvDzuk7Y3bUzbqNvYXacOrda', 1, 1, '[object Object]', '2021-09-23 22:11:32', '2021-09-24 03:11:32'),
(59, 'Mtra. Ana Angelica', 'Sánchez', 'Villegas', 'ana_sanchez@uptecamac.edu.mx', '$2y$10$Yel.RJ08gwH4yxcG0ZbQau8x8JFxPscENk4BL8wUoJt.cAE.oIC8a', 1, 1, 'abshash', '2021-11-10 16:38:27', '2021-11-10 22:38:27'),
(60, ' Ing. Isaí', 'López', 'Barrios', 'isai_lopez@uptecamac.edu.mx', '$2y$10$fPpfbHm2ZIucSbrUpno1pOqZLkyWUjnYCQfkaci1krYMpbWMVOFHe', 1, 0, 'ashashs', '2021-10-19 20:10:01', '2021-10-12 05:00:00'),
(61, 'ALEJANDRO', 'CANO', 'VARGAS', 'alejandro_cano@uptecamac.edu.mx', '$2y$10$3U8atZy2ZmfxKAkQO0A8cOFCtVs7nuJL/FpNDBTPbz9QR8o9Kt1Iq', 2, 1, '[object Object]', '2021-12-03 17:38:47', '2021-12-03 23:38:47');

--
-- Índices para tablas volcadas
--

--
-- Indices de la tabla `admin`
--
ALTER TABLE `admin`
  ADD PRIMARY KEY (`id`);

--
-- Indices de la tabla `archivo`
--
ALTER TABLE `archivo`
  ADD PRIMARY KEY (`id`),
  ADD KEY `usuarioId` (`usuarioId`),
  ADD KEY `categoriaId` (`categoriaId`),
  ADD KEY `usuarioId_2` (`usuarioId`);

--
-- Indices de la tabla `categoria`
--
ALTER TABLE `categoria`
  ADD PRIMARY KEY (`id`);

--
-- Indices de la tabla `inicio`
--
ALTER TABLE `inicio`
  ADD PRIMARY KEY (`id`);

--
-- Indices de la tabla `movimiento_usuario`
--
ALTER TABLE `movimiento_usuario`
  ADD PRIMARY KEY (`id`);

--
-- Indices de la tabla `sesion_usuario`
--
ALTER TABLE `sesion_usuario`
  ADD PRIMARY KEY (`id`),
  ADD KEY `usuarioId` (`usuarioId`);

--
-- Indices de la tabla `subcategoria`
--
ALTER TABLE `subcategoria`
  ADD PRIMARY KEY (`id`),
  ADD KEY `categoriaId` (`categoriaId`);

--
-- Indices de la tabla `usuario`
--
ALTER TABLE `usuario`
  ADD PRIMARY KEY (`id`);

--
-- AUTO_INCREMENT de las tablas volcadas
--

--
-- AUTO_INCREMENT de la tabla `admin`
--
ALTER TABLE `admin`
  MODIFY `id` int(11) NOT NULL AUTO_INCREMENT, AUTO_INCREMENT=2;

--
-- AUTO_INCREMENT de la tabla `archivo`
--
ALTER TABLE `archivo`
  MODIFY `id` int(11) NOT NULL AUTO_INCREMENT, AUTO_INCREMENT=638;

--
-- AUTO_INCREMENT de la tabla `categoria`
--
ALTER TABLE `categoria`
  MODIFY `id` int(11) NOT NULL AUTO_INCREMENT, AUTO_INCREMENT=35;

--
-- AUTO_INCREMENT de la tabla `inicio`
--
ALTER TABLE `inicio`
  MODIFY `id` int(11) NOT NULL AUTO_INCREMENT, AUTO_INCREMENT=2;

--
-- AUTO_INCREMENT de la tabla `movimiento_usuario`
--
ALTER TABLE `movimiento_usuario`
  MODIFY `id` int(11) NOT NULL AUTO_INCREMENT, AUTO_INCREMENT=940;

--
-- AUTO_INCREMENT de la tabla `sesion_usuario`
--
ALTER TABLE `sesion_usuario`
  MODIFY `id` int(11) NOT NULL AUTO_INCREMENT, AUTO_INCREMENT=509;

--
-- AUTO_INCREMENT de la tabla `subcategoria`
--
ALTER TABLE `subcategoria`
  MODIFY `id` int(11) NOT NULL AUTO_INCREMENT, AUTO_INCREMENT=79;

--
-- AUTO_INCREMENT de la tabla `usuario`
--
ALTER TABLE `usuario`
  MODIFY `id` int(11) NOT NULL AUTO_INCREMENT, AUTO_INCREMENT=62;

--
-- Restricciones para tablas volcadas
--

--
-- Filtros para la tabla `archivo`
--
ALTER TABLE `archivo`
  ADD CONSTRAINT `archivo_ibfk_1` FOREIGN KEY (`categoriaId`) REFERENCES `categoria` (`id`),
  ADD CONSTRAINT `archivo_ibfk_2` FOREIGN KEY (`usuarioId`) REFERENCES `usuario` (`id`);

--
-- Filtros para la tabla `sesion_usuario`
--
ALTER TABLE `sesion_usuario`
  ADD CONSTRAINT `sesion_usuario_ibfk_1` FOREIGN KEY (`usuarioId`) REFERENCES `usuario` (`id`);

--
-- Filtros para la tabla `subcategoria`
--
ALTER TABLE `subcategoria`
  ADD CONSTRAINT `subcategoria_ibfk_1` FOREIGN KEY (`categoriaId`) REFERENCES `categoria` (`id`);
COMMIT;

/*!40101 SET CHARACTER_SET_CLIENT=@OLD_CHARACTER_SET_CLIENT */;
/*!40101 SET CHARACTER_SET_RESULTS=@OLD_CHARACTER_SET_RESULTS */;
/*!40101 SET COLLATION_CONNECTION=@OLD_COLLATION_CONNECTION */;
